Beam Size,Grupa_duzine,Broj_snimaka,Prosecno_vreme,Prosecan_RTF,Prosecan_WER
1,dugi,4,2.756,0.087,56.545
1,kratki,3,1.16,0.177,45.857
1,srednji,5,1.553,0.104,46.742
1,veoma_dugi,3,5.07,0.072,46.3
3,dugi,4,3.258,0.105,51.858
3,kratki,3,1.182,0.179,45.857
3,srednji,5,1.565,0.104,40.412
3,veoma_dugi,3,8.247,0.116,40.067
5,dugi,4,4.13,0.133,52.262
5,kratki,3,1.274,0.194,45.673
5,srednji,5,1.729,0.115,36.224
5,veoma_dugi,3,10.564,0.149,40.123
10,dugi,4,6.234,0.202,51.96
10,kratki,3,1.332,0.203,48.237
10,srednji,5,2.344,0.156,37.604
10,veoma_dugi,3,18.645,0.262,38.6
