Beam Size,Broj,Audio,Govornik,Grupa_duzine,Trajanje [s],Vreme [s],RTF,WER,WER [%],Referenca,Transkript
1,1,1govornik1.wav,govornik1,kratki,7.605,1.271,0.1672,0.3846,38.46,Veštačka inteligencija omogućava računarima da rešavaju složene probleme i analiziraju velike količine podataka.,Veshtočka inteligencija omu gučava ročunarima da rešavaju složene probleme i analiziraju veliki količine podataka.
1,4,4govornik1.wav,govornik1,kratki,7.291,1.11,0.1522,0.4286,42.86,"Novi računari imaju brže procesore, više memorije i znatno bolje performanse nego prethodne generacije.","Novira čunari imaju brze procesore, više memoria i znatno bolje performance nego predchone generacije."
1,8,8govornik3.wav,govornik3,kratki,5.213,1.098,0.2106,0.5625,56.25,"Temperatura je tokom noći naglo pala, ali se očekuje da će sutra vreme ponovo biti toplije.","Temperature tokom noći nagle opala, ali se očekuje, leće sutra vreme ponovobiti toplje."
1,11,11govornik1.wav,govornik1,srednji,16.463,1.529,0.0929,0.2903,29.03,"Savremeni sistemi za automatsko prepoznavanje govora koriste duboke neuronske mreže kako bi analizirali zvučni signal i pretvorili ga u tekst. Njihova tačnost zavisi od modela, kvaliteta snimka, jezika i karakteristika govornika.","Savrimini sistemi za automacko prepozavania govora koriste dvike neoronskjem reže kako bi analizirali zvučni signal i pretvorili ga u tekst. Njihova tačno zavisti u modela, kvaliteta snimka, jezika i karakteristika govornika."
1,14,14govornik1.wav,govornik1,srednji,15.604,1.625,0.1041,0.6552,65.52,"Kada razgovaramo u tihoj prostoriji, sistem uglavnom može veoma jasno da prepozna izgovorene reči. Međutim, saobraćaj, muzika, razgovor drugih ljudi i različiti izvori šuma mogu značajno da otežaju transkripciju.","Kad razgovoramo u tihu i prostori, sistemu glavnom može veoma jasno da pre poznaj izgovore nereći. Medjutim, saobraćaj, muzika, razgovor, drugi hrjudi i različiti izvorišuma mogu znacajno da otegžaju transkribeciju."
1,18,18govornik2.wav,govornik2,srednji,18.204,1.414,0.0777,0.3214,32.14,Brzina automatskog prepoznavanja govora posebno je važna kod aplikacija koje rade u realnom vremenu. Korisnik očekuje da sistem reaguje brzo i da se transkript pojavljuje bez primetnog kašnjenja.,"Brzina, automatskog prepoznavanja govora, posivno je vajna kod aplikacije koje radje u realnom vremenu. Koristnik očekuje da sistem reaguje bırzo i da se transkript poja bluje bez primetno kašnjenja."
1,21,21govornik3.wav,govornik3,srednji,14.571,1.633,0.1121,0.5185,51.85,Kvantizacija omogućava da se neuronski model izvršava korišćenjem manje preciznih numeričkih formata. Na taj način moguće je smanjiti potrošnju memorije i ubrzati izvršavanje uz prihvatljivu promenu tačnosti.,Kontizacijom ugećava da se neuromski model izvršava koristjene manje preciznih numerickih formata. Na te način moguće je smanjeti potrošnje o memoria i ubrzati izvršenjivu z prihvatni u promenu tačnosti.
1,24,24govornik3.wav,govornik3,srednji,11.645,1.566,0.1345,0.5517,55.17,"Kada se zvučnom signalu doda šum, neke reči postaju teže razumljive. Što je nivo šuma veći u odnosu na govor, sistemu je teže da napravi tačnu transkripciju celog snimka.","Kada se zlušnom signalu doda šum nekeriči postuju teže razumnje. Što je nivo šuma veću odnosu negor, sistemuje teže da napraviti tašno transkrypciju celok snimk."
1,27,27govornik1.wav,govornik1,dugi,27.458,2.246,0.0818,0.5806,58.06,"Jednog jutra krenuo sam automobilom prema gradu nešto ranije nego obično. Saobraćaj je u početku bio veoma slab, ali se približavanjem centru broj vozila postepeno povećavao. Dok sam čekao na semaforu, na radiju su govorili o vremenskoj prognozi za narednih nekoliko dana. Najavljeno je sunčano vreme, ali i mogućnost kratkotrajne kiše tokom vikenda. Kada sam stigao, parkirao sam automobil i nastavio pešice.","Jednog jutra krenu osama u tomo bilom prema gradu nešto rani je negoovično. Sa obreći je u početku bio veoma slab, ali se približavajem centru broj vozila postepenu povećavo. No ksem čekao nas se ma for u neradiu su govorili o vremezko prognozice na denih nekoliko dana. Najavljenu je sunčano vreme, ali mogušnost kratko treni kiše tokom vikenda. Kada sam stigav, prkiru osama u tomo bil i nastavio pesice."
1,30,30govornik2.wav,govornik2,dugi,37.756,3.154,0.0835,0.2857,28.57,"Kada razvijamo sistem koji treba da radi u realnom vremenu, nije dovoljno posmatrati samo njegovu tačnost. Potrebno je analizirati koliko vremena modelu treba da obradi određenu količinu zvuka. Ako obrada pet sekundi govora traje kraće od pet sekundi, sistem potencijalno može da prati govor bez stalnog povećavanja kašnjenja. Zbog toga su latencija i faktor realnog vremena veoma korisne metrike prilikom evaluacije ovakvih sistema.","Kad razvijamo sistem koji treba da radi u realnom vremenu, ni je dovoljno posmatrati samo njegovu tačnost. Potrebno analizirati koliko vremena modelu treba da obradi odredinu kuličinu zvoka. Ak obrada 5 sekundi govor a traje kraće od 5 sekundi, sistem potencijalno može da prati govor bez stalno odpovećavanja kašnjenja. Z bok togasu latencija i faktor realnog vremena veoma korisne metrike prilikom evaluacije ovakvi sistema."
1,32,32govornik3.wav,govornik3,dugi,27.968,2.339,0.0836,0.65,65.0,"Ljudski govor nije potpuno konstantan signal. Neko govori brzo, neko sporije, a pojedini govornici prave veoma duge pauze između rečenica. Razlikuju se i visina glasa, naglasak, način izgovora i jačina govora. Sistem koji postiže odlične rezultate kod jednog govornika zato ne mora nužno da postigne iste rezultate kod druge osobe. Korišćenje više govornika omogućava realniju procenu sposobnosti modela da generalizuje.","Ljudski govor nije podplno Konstantan Signo, neko govori brzo neko sporije, a pojedinji govornici pravevamo dudi pa uz izmiju vrečenica. Raznikuju se je visina glasa na glasa izgovaraju i ja činna govara. Sistim koji postižo-olične rezultate, kod jedno govorinika za to nemora nuzno da postične iz terzultate kod drugi osove. Koriši neviše govorinika mu uvićava realnuju procenu sposomnosti modela... Da generalizve."
1,34,34govornik3.wav,govornik3,dugi,33.088,3.287,0.0993,0.7455,74.55,"Beam search predstavlja jedan od načina pronalaženja verovatne sekvence reči tokom dekodiranja rezultata modela. Veća vrednost parametra omogućava razmatranje većeg broja mogućih kandidata, ali istovremeno može da poveća vreme potrebno za obradu. Zbog toga je korisno eksperimentalno proveriti da li povećanje beam size parametra zaista donosi značajno poboljšanje tačnosti i koliko dodatnih računarskih resursa zahteva.","BIMSERć prestali jedanod način na proinologiđenje, verovatne sekvenci reći tokom dekodiranja rezultatama o dela. Veće vrednost parametra omuvi čeva razmatranje, većek broje mogući i hendidata ali stovremino može da poweće vreme pot rećenu za obradu. Zbog toge koristno eksperimentalno provieriti dali povećanje BIMSERć parametra zaistodono značajno pobyćanje tašnosti i koliko dodatnich radšnarskich resurs sezach teva."
1,36,36govornik1.wav,govornik1,veoma_dugi,69.01,5.389,0.0781,0.5462,54.62,"Savremeni sistemi za automatsko prepoznavanje govora imaju veliki broj praktičnih primena. Mogu se koristiti za automatsko pravljenje transkripata sastanaka, generisanje titlova, glasovne asistente, pretragu multimedijalnog sadržaja i poboljšanje pristupačnosti digitalnih sistema. Ipak, kvalitet njihovog rada zavisi od velikog broja faktora. Govornici imaju različite glasove, akcente i brzine govora, dok snimci mogu nastati korišćenjem različitih mikrofona i u različitim prostorijama. Dodatni problem predstavlja pozadinski šum. Sistem koji veoma dobro radi u tihoj prostoriji ne mora da postigne isti rezultat na ulici ili u automobilu. Zbog toga evaluacija sistema ne bi trebalo da bude zasnovana na samo jednom zvučnom zapisu. Potrebno je koristiti više govornika, različite dužine snimaka i različite uslove. Pored tačnosti transkripcije, važno je analizirati vreme izvršavanja, potrošnju memorije i sposobnost sistema da obrađuje zvuk dovoljno brzo za praktičnu primenu.","Savrimini sistemi za otomacko prepoznavanja govara imaju velik broje praktičnih primena. Mogu se koristiti za otomacko pravljnje transkripeta, sastanka, generisanje titlova, glasov neasistente, pretregu multimelijalno-k sadrgeja i pobošanje pristoparšnosti digitanih sistema. Ipak kvalitet njihovo grada zavisio od velikog broje faktor. Gorojnici imivra različite glasovje, akcente i brzine govor. Do snimci mogu nasati koristijenje mračiti mikrofoni i u različitim prostorijem. Dolatnim problem predstavljaj pozadinskišum, sistem koji veoma dobro radi u tihu i prostoriji, nemora da postivnijesti rezultat na ulici i utomu bilo. Zbog toga, evalulacije sistema nebi trevalo da bude zastomana na samo jednom zvušnom zapisu. Potrano koristiti više govor nika, različite tužinja snimaka i različite ustlje. Poretaršnosti z reskripsije važnjo analizirati vremi izvršavanja. Potrošnju memoria isposobno sistema da obradio je zvuku dovoljno brzo za praktičnu primenu."
1,38,38govornik2.wav,govornik2,veoma_dugi,64.459,4.624,0.0717,0.3577,35.77,"Prošle nedelje imao sam prilično ispunjen dan. Ujutru sam ustao ranije jer sam morao da završim nekoliko obaveza pre odlaska u grad. Posle doručka proverio sam poruke, pripremio stvari koje su mi bile potrebne i krenuo automobilom. Na putu je bilo više saobraćaja nego što sam očekivao, pa mi je trebalo skoro pola sata da stignem do centra. Prvo sam otišao do prodavnice, zatim do banke, a nakon toga sam se našao sa prijateljem kojeg nisam video nekoliko meseci. Razgovarali smo o poslu, putovanjima i planovima za narednu godinu. Posle ručka vreme se iznenada promenilo i počela je jaka kiša. Sačekali smo nekoliko minuta da se vreme malo smiri, a onda smo krenuli kući. Kada sam se vratio, nastavio sam da radim na računaru. Uveče sam završio preostale obaveze i odlučio da ostatak dana provedem odmarajući se.","Prošle nedelje imao sam prilično izpunjen dan. U jutru sam usta o ranije jer sam morao da završim nekoliko obave za pre odlaska ugrad. Posli doručka proverijo sam porukje pripremijostvari koji su mi bilo potrebne i krenov automobilo. Na puto je bilo više sa abraće nego što sam očekivo. Pamije trebalo skoro pola sata dost da stihnem do centra. Prvo sam otišo do prodavnice zatim do bankije a nakon toga sam se našao sa prijeti koje gnisam video nekoliko mesici. Rozgovarali smo o poslu putovanima i planovima za narednu godinu. Posli ručka, vreme se izne na da promenilo i počela je jaka kiša. Sacikali smo nekoliko minuta da se vreme malo smiri, a onda smo krenu li kuti. Kad sam se vratio nastavio sam da radim na racunaru. Uvici sam zavrošio preostale oboveze i odlučio da ostatak dana provedim odmarajući se."
1,40,40govornik3.wav,govornik3,veoma_dugi,79.772,5.198,0.0652,0.4851,48.51,"Cilj eksperimentalne analize sistema za automatsko prepoznavanje govora jeste da se utvrdi kako različiti faktori utiču na njegov rad. Možemo menjati veličinu modela, nivo pozadinskog šuma, jezik govornika, parametre dekodiranja, način kvantizacije ili korišćenje algoritma za detekciju govora. Svaki eksperiment treba organizovati tako da možemo jasno da utvrdimo posledice određene promene. Rezultati se zatim mogu posmatrati kroz više metrika. Word Error Rate pokazuje koliko se prepoznati tekst razlikuje od tačnog referentnog transkripta. Latencija pokazuje koliko vremena je potrebno za obradu, dok Real-Time Factor povezuje vreme obrade sa trajanjem samog zvučnog zapisa. Potrošnja memorije je posebno značajna kada model treba da radi na uređajima sa ograničenim resursima. Kombinovanjem ovih rezultata možemo da pronađemo konfiguraciju koja ne mora biti najbolja prema svakoj pojedinačnoj metrici, ali predstavlja dobar kompromis između tačnosti, brzine i potrebnih računarskih resursa.","Cil experimentan analizji s temazutomatiskopropoznomanja govora je ste da se otvrdi kako razliši tifaktor u ticu na nije govrad. Možemo menjati vjeročinu modela nivo pozadinskog šuma, jezi govornika, parametre dekodiranja, natchin kvantizacije i korišćinja algoritma za detekciju govora. Svaki experiment treba organizoti tako da možemo jasno da otvrdimo postajte se određene promene. Resultati se zatim mogu posmatrati kroz više metrika. Vore Error Rate pokazuje, koliko se prepozna ti tekst se razlikuju otasno referentno transcripta. Latensije pokazuje, koliko vremeno je potrebno zobradu, do ka real-time factor povijezuje vreme obrade sa trajenjem samog zvušnog zapisa. Potrošnjeme mori je posivno značena, kado modela treba da radi na urodjem je se ogranićenim resursima. Kombinojni o nich rezultata možemo da pronatjemo o konfiguraciju koja ne moja robite najbolja prema, svakoj podinešno metrici, ali prestavlja dobar kompromist izmiju tačnosti, brzine i potrebnih račanarski resursa."
3,1,1govornik1.wav,govornik1,kratki,7.605,1.332,0.1752,0.3846,38.46,Veštačka inteligencija omogućava računarima da rešavaju složene probleme i analiziraju velike količine podataka.,veštočka inteligencija omu gutevaro čunarima da rešavaju složene probleme i analiziraju veliki količine podataka.
3,4,4govornik1.wav,govornik1,kratki,7.291,1.125,0.1543,0.4286,42.86,"Novi računari imaju brže procesore, više memorije i znatno bolje performanse nego prethodne generacije.","Novira čunari imaju brze procesore, više memoria i znatno bolje performance nego predchone generacije."
3,8,8govornik3.wav,govornik3,kratki,5.213,1.089,0.2089,0.5625,56.25,"Temperatura je tokom noći naglo pala, ali se očekuje da će sutra vreme ponovo biti toplije.","Temperature tokom noći naglopala, ali se očekuje, leće sutra vreme ponovobiti toplje."
3,11,11govornik1.wav,govornik1,srednji,16.463,1.598,0.0971,0.2903,29.03,"Savremeni sistemi za automatsko prepoznavanje govora koriste duboke neuronske mreže kako bi analizirali zvučni signal i pretvorili ga u tekst. Njihova tačnost zavisi od modela, kvaliteta snimka, jezika i karakteristika govornika.","Sa vremeni sistemi za automacko prepozavania govora koriste dvike neuronske mreže kako bi analizirali zvučni signal i pretvorili ga u tekst. Njihova tačno zavisti u modela, kwaliteta snimka, jezika i karakteristika govornika."
3,14,14govornik1.wav,govornik1,srednji,15.604,1.645,0.1054,0.4828,48.28,"Kada razgovaramo u tihoj prostoriji, sistem uglavnom može veoma jasno da prepozna izgovorene reči. Međutim, saobraćaj, muzika, razgovor drugih ljudi i različiti izvori šuma mogu značajno da otežaju transkripciju.","Kada razgovoramo u tihu i prostori, sistemu glavnom može veoma jasno da prepozne izgovore nereći, međutim, sabraćaj, muzika, razgovor, drugih ljudi i raziciti izvorišuma mogu značajno da otežaju transkrypciju."
3,18,18govornik2.wav,govornik2,srednji,18.204,1.509,0.0829,0.2143,21.43,Brzina automatskog prepoznavanja govora posebno je važna kod aplikacija koje rade u realnom vremenu. Korisnik očekuje da sistem reaguje brzo i da se transkript pojavljuje bez primetnog kašnjenja.,"Brzina, automatskog prepoznavanja govora, posivno je važna kod aplikacije koje rade u realnom vremenu. Koristnik očekuje da sistem reaguje brzo i da se transkript pojavlu je bez primetno kašnjenja."
3,21,21govornik3.wav,govornik3,srednji,14.571,1.652,0.1134,0.4815,48.15,Kvantizacija omogućava da se neuronski model izvršava korišćenjem manje preciznih numeričkih formata. Na taj način moguće je smanjiti potrošnju memorije i ubrzati izvršavanje uz prihvatljivu promenu tačnosti.,Koantizacijom ugečava da se neuromski model izvršava koričnje manje preciznih numeričkih formata. Na te način moguće je smanjeti potrošnje o memoria i ubrzati izvršenjivu z prihvatni u promenu tačnosti.
3,24,24govornik3.wav,govornik3,srednji,11.645,1.42,0.1219,0.5517,55.17,"Kada se zvučnom signalu doda šum, neke reči postaju teže razumljive. Što je nivo šuma veći u odnosu na govor, sistemu je teže da napravi tačnu transkripciju celog snimka.","Kada se zlušnom signalu doda šum nekeret ću postuju teže razumnije. Što je nivo šuma veću odnosu negor, sistemuje teže da napraviti tašno transkrypciju celok snimk."
3,27,27govornik1.wav,govornik1,dugi,27.458,3.538,0.1289,0.5968,59.68,"Jednog jutra krenuo sam automobilom prema gradu nešto ranije nego obično. Saobraćaj je u početku bio veoma slab, ali se približavanjem centru broj vozila postepeno povećavao. Dok sam čekao na semaforu, na radiju su govorili o vremenskoj prognozi za narednih nekoliko dana. Najavljeno je sunčano vreme, ali i mogućnost kratkotrajne kiše tokom vikenda. Kada sam stigao, parkirao sam automobil i nastavio pešice.","Jednog jutra kreno osama u tomo bilom prema gradu nešto rani je negoovično. Sa obreći je u početku bio veoma slab, ali se približavajem centru broj vozila postepenu povećavo. No ksem čekao nas sema for u neradiju su govorili o vremezko prognozice na denih nekoliko dana. Najavljenu je sunčano vreme, ali mogušnost kratko treni kiše tokom vikenda. Karasam stigao, prkir osama u tomo bil in nastavio pesjice."
3,30,30govornik2.wav,govornik2,dugi,37.756,3.312,0.0877,0.2063,20.63,"Kada razvijamo sistem koji treba da radi u realnom vremenu, nije dovoljno posmatrati samo njegovu tačnost. Potrebno je analizirati koliko vremena modelu treba da obradi određenu količinu zvuka. Ako obrada pet sekundi govora traje kraće od pet sekundi, sistem potencijalno može da prati govor bez stalnog povećavanja kašnjenja. Zbog toga su latencija i faktor realnog vremena veoma korisne metrike prilikom evaluacije ovakvih sistema.","Kad razvijamo sistem koji treba da radi u realnom vremenu, ni je dovoljno posmatrati samo njegovu tačnost. Potrebno analizirati koliko vremena modelu treba da obradi odredinu količinu zvoka. Ak obrada 5 sekundi govora traje kraće od 5 sekundi, sistem potencijalno može da prati govor bez stalno odpovećavanja kašnjenja. Zbog togasu latencija i faktor realnog vremena veoma korisne metrike prilikom evaluacije ovakvih sistema."
3,32,32govornik3.wav,govornik3,dugi,27.968,2.768,0.099,0.6167,61.67,"Ljudski govor nije potpuno konstantan signal. Neko govori brzo, neko sporije, a pojedini govornici prave veoma duge pauze između rečenica. Razlikuju se i visina glasa, naglasak, način izgovora i jačina govora. Sistem koji postiže odlične rezultate kod jednog govornika zato ne mora nužno da postigne iste rezultate kod druge osobe. Korišćenje više govornika omogućava realniju procenu sposobnosti modela da generalizuje.","Ljudski govor nije podplno konstantan signo, neko govori, brzo neko sporije, a pojedinji govornici pravajamo dudi je pauz izmiđu rećenica. A raznikuju se je visina glasa na glasa izgovari i jačina govara. Sistim koji postiđu olične rezultate, kod jedno govorinika, za to nemora, nožno da postiđu ne ister rezultate kod drugi osove. Koriši neviše govorinikamo uvićava realnuju procenu sposomnosti modela. Da generalizve."
3,34,34govornik3.wav,govornik3,dugi,33.088,3.413,0.1031,0.6545,65.45,"Beam search predstavlja jedan od načina pronalaženja verovatne sekvence reči tokom dekodiranja rezultata modela. Veća vrednost parametra omogućava razmatranje većeg broja mogućih kandidata, ali istovremeno može da poveća vreme potrebno za obradu. Zbog toga je korisno eksperimentalno proveriti da li povećanje beam size parametra zaista donosi značajno poboljšanje tačnosti i koliko dodatnih računarskih resursa zahteva.",BIMSARč prestali jedanod način na proinologišnje verovatne sekvenci rečitokom decodiranja rezultatama o dela. Veće vrednost parametra omuvi čeva razmatranje većek broje mogućih kandidata ali stovremino može da poweće vreme potrebno za obredu. Zbog toge koristno eksperimentalno provieriti da li povećanje BIMSARI z parametra zaistodono si značinno povićanje tašnosti koliko dodatnih računarskih resor se zechteva.
3,36,36govornik1.wav,govornik1,veoma_dugi,69.01,8.187,0.1186,0.4846,48.46,"Savremeni sistemi za automatsko prepoznavanje govora imaju veliki broj praktičnih primena. Mogu se koristiti za automatsko pravljenje transkripata sastanaka, generisanje titlova, glasovne asistente, pretragu multimedijalnog sadržaja i poboljšanje pristupačnosti digitalnih sistema. Ipak, kvalitet njihovog rada zavisi od velikog broja faktora. Govornici imaju različite glasove, akcente i brzine govora, dok snimci mogu nastati korišćenjem različitih mikrofona i u različitim prostorijama. Dodatni problem predstavlja pozadinski šum. Sistem koji veoma dobro radi u tihoj prostoriji ne mora da postigne isti rezultat na ulici ili u automobilu. Zbog toga evaluacija sistema ne bi trebalo da bude zasnovana na samo jednom zvučnom zapisu. Potrebno je koristiti više govornika, različite dužine snimaka i različite uslove. Pored tačnosti transkripcije, važno je analizirati vreme izvršavanja, potrošnju memorije i sposobnost sistema da obrađuje zvuk dovoljno brzo za praktičnu primenu.","Savrimini sistemi za otomacko prepoznavanja govara imaju velik broje praktičnih primena. Mogu se koristiti za otomacko pravnje transkripeta, sastanka, generisanje titlova, glasov neasistente, pretregu multimelijalno-k sadrgeja i pobošanje pristupačnosti digitalnih sistema. Ipak kvalitet njihovo grada zavisi od velikog broje faktor. Gornici imivra različite glasovje, akcente i brzi negovor. Do snimci mogu nasati koristijem račiti mikrofoni i u različitim prostorijem. Dolatnim problem predstavlja pozdinskih šum, sistem koji veoma dobro radi u tihvi prostoriji nemora da poscignijesti rezultat na ulici i utomu bilo. Zbog toga, evalulacije sistema nebi trevalo da bude zastavana na samo jednom zvušnom zapisu. Potrano koristiti više govornika, različite tuži ne snimaka i različite uslove. Poretaršnosti, zreskripcije, važno analizirati vreme izvršavanja. Potrošnju memoria isposobno sistema da obradio je zvuku dovoljno brazo za praktičnu primenu."
3,38,38govornik2.wav,govornik2,veoma_dugi,64.459,7.542,0.117,0.292,29.2,"Prošle nedelje imao sam prilično ispunjen dan. Ujutru sam ustao ranije jer sam morao da završim nekoliko obaveza pre odlaska u grad. Posle doručka proverio sam poruke, pripremio stvari koje su mi bile potrebne i krenuo automobilom. Na putu je bilo više saobraćaja nego što sam očekivao, pa mi je trebalo skoro pola sata da stignem do centra. Prvo sam otišao do prodavnice, zatim do banke, a nakon toga sam se našao sa prijateljem kojeg nisam video nekoliko meseci. Razgovarali smo o poslu, putovanjima i planovima za narednu godinu. Posle ručka vreme se iznenada promenilo i počela je jaka kiša. Sačekali smo nekoliko minuta da se vreme malo smiri, a onda smo krenuli kući. Kada sam se vratio, nastavio sam da radim na računaru. Uveče sam završio preostale obaveze i odlučio da ostatak dana provedem odmarajući se.","Prošle nedelje imao sam prilično izpunjen dan. U jutru sam ustao rani je jer sam morao da završim nekoliko obave za pre odlaska ugrad. Posli doručka proverijo sam poruke pripremijo stvari koji su mi bile potrebne i kreno o automobilom. Na putu je bilo više sa abraće nego što sam očekivao, pa mi je trebalo skoro pola sata dost da stihnem do centra. Prvo sam otišao do prodavnice zatim do bankje, a nakon toga sam se našao sa prijetili koje gni sam video nekoliko mesici. Rozgovarali smo o poslu putovanjima i planovima za narednu godinu. Posli ručka, vreme se iznena da promenilo i počila je jaka kiša. Saczekali smo nekoliko minuta da se vreme malo smiri, a onda smo krenu li kutji. Kad sam se vratio, nastavio sam da radim na racunaru. Uviči sam zavrošio preostale oboveze i odlučio da ostatak dana, provedim odmarajući se."
3,40,40govornik3.wav,govornik3,veoma_dugi,79.772,9.013,0.113,0.4254,42.54,"Cilj eksperimentalne analize sistema za automatsko prepoznavanje govora jeste da se utvrdi kako različiti faktori utiču na njegov rad. Možemo menjati veličinu modela, nivo pozadinskog šuma, jezik govornika, parametre dekodiranja, način kvantizacije ili korišćenje algoritma za detekciju govora. Svaki eksperiment treba organizovati tako da možemo jasno da utvrdimo posledice određene promene. Rezultati se zatim mogu posmatrati kroz više metrika. Word Error Rate pokazuje koliko se prepoznati tekst razlikuje od tačnog referentnog transkripta. Latencija pokazuje koliko vremena je potrebno za obradu, dok Real-Time Factor povezuje vreme obrade sa trajanjem samog zvučnog zapisa. Potrošnja memorije je posebno značajna kada model treba da radi na uređajima sa ograničenim resursima. Kombinovanjem ovih rezultata možemo da pronađemo konfiguraciju koja ne mora biti najbolja prema svakoj pojedinačnoj metrici, ali predstavlja dobar kompromis između tačnosti, brzine i potrebnih računarskih resursa.","Ziel eksperimentalna analizji sistema z automatiskopropoznavajne govora je ste da se otvrdi kako razliši tifaktori u ticu na njegovrad. Možemo menjati većinu modela nivo pozadinskog šuma, jezi govornika, parametre dekodiranja, natchin kvantizacije i korišćinj algoritma za detekciju govora. Svaki eksperiment treba organizovati tako da možemo jasno da otvrdimo posledice od ređene promene. Resultati se zatim mogu posmatrati kroz više metrika. Vore Error Rate pokazuje, koliko se prepoznaći tek se razlikuju otasno referentno transkripta. Latencija pokazuje, koliko vremeno je potrebno zobradu, do ka real-time factor povijezuje vreme obrade sa tranjem samog zvušnog zapisa. Potrošnjeme mori je posivno značena, kada modela treba da radi na urodijeme sa ogranićenjeme resursima. Kombinovajem o nich rezultata možemo da pronadjemo o konfiguraciju koja nemoja biti najbolja prema svakoj podinešno metrici, ali prestavlja dobar kompromist izmiju tačnosti, brzine i potrebnih racčanarski resursa."
5,1,1govornik1.wav,govornik1,kratki,7.605,1.423,0.1872,0.3077,30.77,Veštačka inteligencija omogućava računarima da rešavaju složene probleme i analiziraju velike količine podataka.,Veštočka inteligencija omugućevaroču narima da rešavaju složene probleme i analiziraju veliki količine podataka.
5,4,4govornik1.wav,govornik1,kratki,7.291,1.167,0.16,0.5,50.0,"Novi računari imaju brže procesore, više memorije i znatno bolje performanse nego prethodne generacije.","Novira čunari imaju brze procesore, više me morije i znatno bolje performance nego predchone generacije."
5,8,8govornik3.wav,govornik3,kratki,5.213,1.231,0.2361,0.5625,56.25,"Temperatura je tokom noći naglo pala, ali se očekuje da će sutra vreme ponovo biti toplije.","Temperature tokom noći naglopala, ali se očekuje, leće sutra vreme ponovobiti toplje."
5,11,11govornik1.wav,govornik1,srednji,16.463,1.835,0.1115,0.2903,29.03,"Savremeni sistemi za automatsko prepoznavanje govora koriste duboke neuronske mreže kako bi analizirali zvučni signal i pretvorili ga u tekst. Njihova tačnost zavisi od modela, kvaliteta snimka, jezika i karakteristika govornika.","Savrimini sistemi za automacko prepozavanje govora koriste duvike neuronske mereže, kako bije analizirali zvučni signal i pretvorili ga u tekst. Njihova tačno zavisti u modela, kvaliteta snimka, jezika i karakteristika govornika."
5,14,14govornik1.wav,govornik1,srednji,15.604,1.785,0.1144,0.3793,37.93,"Kada razgovaramo u tihoj prostoriji, sistem uglavnom može veoma jasno da prepozna izgovorene reči. Međutim, saobraćaj, muzika, razgovor drugih ljudi i različiti izvori šuma mogu značajno da otežaju transkripciju.","Kada razgovoramo u tihu i prostori, sistemu glavnom može veoma jasno da prepozne izgovorine reći, međutim, sabraćaj, muzika, razgovor, drugih ljudi i različiti izvori šuma mogu značajno da otežaju transkrypciju."
5,18,18govornik2.wav,govornik2,srednji,18.204,1.668,0.0916,0.1429,14.29,Brzina automatskog prepoznavanja govora posebno je važna kod aplikacija koje rade u realnom vremenu. Korisnik očekuje da sistem reaguje brzo i da se transkript pojavljuje bez primetnog kašnjenja.,"Brzina, automatskog prepoznavanja govora, posivno je važna kod aplikacije koje rade u realnom vremenu. Koristnik očekuje da sistem reaguje brzo i da se transkript pojavljuje bez primetno kašnjenja."
5,21,21govornik3.wav,govornik3,srednji,14.571,1.817,0.1247,0.4815,48.15,Kvantizacija omogućava da se neuronski model izvršava korišćenjem manje preciznih numeričkih formata. Na taj način moguće je smanjiti potrošnju memorije i ubrzati izvršavanje uz prihvatljivu promenu tačnosti.,Koantizacijom ugečava da se neuromski model izvršava koričnje manje preciznih numeričkih formata. Na taj način mogućije smanjeti potrošnje o memoria i ubrzati izvršenjivu z prihvatni u promenu tačnosti.
5,24,24govornik3.wav,govornik3,srednji,11.645,1.538,0.1321,0.5172,51.72,"Kada se zvučnom signalu doda šum, neke reči postaju teže razumljive. Što je nivo šuma veći u odnosu na govor, sistemu je teže da napravi tačnu transkripciju celog snimka.","Kada se zlušnom signalu doda šum nekeret ću postuju teže razumnije. Što je nivo šuma veću odnosu negor, sistemuje teže da napraviti tašno transkrypciju celog snimk."
5,27,27govornik1.wav,govornik1,dugi,27.458,4.616,0.1681,0.5645,56.45,"Jednog jutra krenuo sam automobilom prema gradu nešto ranije nego obično. Saobraćaj je u početku bio veoma slab, ali se približavanjem centru broj vozila postepeno povećavao. Dok sam čekao na semaforu, na radiju su govorili o vremenskoj prognozi za narednih nekoliko dana. Najavljeno je sunčano vreme, ali i mogućnost kratkotrajne kiše tokom vikenda. Kada sam stigao, parkirao sam automobil i nastavio pešice.","Jednog jutra krenu osama u tomo bilom prema gradu nešto rani je nego obično. Sa obreći je u početku bio veoma slab, ali se približavajem centru broj vozila postepenu povećavo. No ksem čekao nas sema for u neradiju su govorili o vremezko prognozi za narenih nekoliko dana. Najavljenu je sunčano vreme, ali mogu smo skratko treni kiše tokom weekenda. Karasam stigao, parkir osama u tomo bil i nastavio pesjice."
5,30,30govornik2.wav,govornik2,dugi,37.756,4.031,0.1068,0.2063,20.63,"Kada razvijamo sistem koji treba da radi u realnom vremenu, nije dovoljno posmatrati samo njegovu tačnost. Potrebno je analizirati koliko vremena modelu treba da obradi određenu količinu zvuka. Ako obrada pet sekundi govora traje kraće od pet sekundi, sistem potencijalno može da prati govor bez stalnog povećavanja kašnjenja. Zbog toga su latencija i faktor realnog vremena veoma korisne metrike prilikom evaluacije ovakvih sistema.",Kad razvijamo sistem koji treba da radi u realnom vremenu nije dovoljno posmatrati samo njegovu tačnost. Potrebno analizirati koliko vremena modelu treba da obradi odredinu količinu zvoka. Ako obrada 5 sekundi govor a traje kraće od 5 sekundi sistem potencijalno može da prati govor bez stalno odpovećavanja kašnjenja. Zbog togasu latencija i faktor realnog vremena veoma korisne metrike prilikom evaluacije ovakvi sistema.
5,32,32govornik3.wav,govornik3,dugi,27.968,3.606,0.1289,0.6833,68.33,"Ljudski govor nije potpuno konstantan signal. Neko govori brzo, neko sporije, a pojedini govornici prave veoma duge pauze između rečenica. Razlikuju se i visina glasa, naglasak, način izgovora i jačina govora. Sistem koji postiže odlične rezultate kod jednog govornika zato ne mora nužno da postigne iste rezultate kod druge osobe. Korišćenje više govornika omogućava realniju procenu sposobnosti modela da generalizuje.","Ljudski govor nije podplno konstantan signo, neko govori brzo neko spori je, a pojedinji govornici pravajamo dudi je pauz izmiđu rećenica. A raznikuju se je visina glasa na glasa izgovari ja čina govara. Sistim koji postiđu olične rezultate kod jedno govorinika, za to nemora, nožno da postiđu i stresultate kod drugi osove. Koriši neviše govorinikamo uvićava realnuju procenu sposomnosti modela. Da generalizve."
5,34,34govornik3.wav,govornik3,dugi,33.088,4.265,0.1289,0.6364,63.64,"Beam search predstavlja jedan od načina pronalaženja verovatne sekvence reči tokom dekodiranja rezultata modela. Veća vrednost parametra omogućava razmatranje većeg broja mogućih kandidata, ali istovremeno može da poveća vreme potrebno za obradu. Zbog toga je korisno eksperimentalno proveriti da li povećanje beam size parametra zaista donosi značajno poboljšanje tačnosti i koliko dodatnih računarskih resursa zahteva.","BIMSARč prestalja jedan od načinja proinologišnje verovatne sekvenci rečitokom dekodiranja rezultatama o dela. Veća vrednost parametra omogućeva razmatranje većek broje mogućih kandidata, ali stovremino može da poweće vredme potravinu z obredu. Zbog toge koristno eksperimentalno provieriti dali povećanje BIMSARI z parametra zaistodono si značajno pobešanje tašnosti i koliko dodatnih računarskih resursu se zechteva."
5,36,36govornik1.wav,govornik1,veoma_dugi,69.01,11.107,0.161,0.5154,51.54,"Savremeni sistemi za automatsko prepoznavanje govora imaju veliki broj praktičnih primena. Mogu se koristiti za automatsko pravljenje transkripata sastanaka, generisanje titlova, glasovne asistente, pretragu multimedijalnog sadržaja i poboljšanje pristupačnosti digitalnih sistema. Ipak, kvalitet njihovog rada zavisi od velikog broja faktora. Govornici imaju različite glasove, akcente i brzine govora, dok snimci mogu nastati korišćenjem različitih mikrofona i u različitim prostorijama. Dodatni problem predstavlja pozadinski šum. Sistem koji veoma dobro radi u tihoj prostoriji ne mora da postigne isti rezultat na ulici ili u automobilu. Zbog toga evaluacija sistema ne bi trebalo da bude zasnovana na samo jednom zvučnom zapisu. Potrebno je koristiti više govornika, različite dužine snimaka i različite uslove. Pored tačnosti transkripcije, važno je analizirati vreme izvršavanja, potrošnju memorije i sposobnost sistema da obrađuje zvuk dovoljno brzo za praktičnu primenu.","Savrimini sistemi za otomacko prepoznavenja govara imaju velik broje praktičnih primena. Mogu se koristiti za otomacko pravnje transkripeta, sastanka, generisanje titlova, glasov neasistente, pretregu multimelijalno-k sadrgeja i pobošanje pristopačnosti digitalnih sistema. Ipak kvalitet njihovo grada zavisi od velikog broje faktor. Gornici imivra, razečite glasovje, akcente i brzine govora. Dok snimci mogu nasati koristijenjem račiti mikrofoni i u razečitim prostorijem. Dolatnim problem predstavlja pozadinski šum, sistem koji veoma dobro radi u tihvi prostoriji, nemora da postivni isti rezultat na ulici i utomu bilo. Zbog toga, evalulacije sistema nebi trevalo da bude zastomana na samo jednom zvušnom zapisu. Potranome korisiti više govornika, razečite tuži ne snimaka i razečite ustlje. Poretaršnosti zreskripsije važne analizirati vremi izvršavanja. Potrošnju memoria isposobno sistema da obradio je zvuku dovoljno brazo za praktičnu primenu."
5,38,38govornik2.wav,govornik2,veoma_dugi,64.459,9.246,0.1434,0.2555,25.55,"Prošle nedelje imao sam prilično ispunjen dan. Ujutru sam ustao ranije jer sam morao da završim nekoliko obaveza pre odlaska u grad. Posle doručka proverio sam poruke, pripremio stvari koje su mi bile potrebne i krenuo automobilom. Na putu je bilo više saobraćaja nego što sam očekivao, pa mi je trebalo skoro pola sata da stignem do centra. Prvo sam otišao do prodavnice, zatim do banke, a nakon toga sam se našao sa prijateljem kojeg nisam video nekoliko meseci. Razgovarali smo o poslu, putovanjima i planovima za narednu godinu. Posle ručka vreme se iznenada promenilo i počela je jaka kiša. Sačekali smo nekoliko minuta da se vreme malo smiri, a onda smo krenuli kući. Kada sam se vratio, nastavio sam da radim na računaru. Uveče sam završio preostale obaveze i odlučio da ostatak dana provedem odmarajući se.","Prošle nedelje imao sam prilično izpunjen dan. U jutru sam ustao rani je, jer sam morao da završim nekoliko obave za pre odlaska ugrad. Posli doručka proverijo sam poruke, pripremijo stvari koji su mi bile potrebne i krenu automobilo. Na putu je bilo više sa abraće, nego što sam očekivao, pa mi je trebalo skoro pola sata do stivnem do centra. Prvo sam otišao do prodavnice, zatim do bankje, a nakon toga sam se našao sa prijetili koje gni sam video nekoliko mesici. Rozgovarali smo o poslu putovanjima i planovima za narednu godinu. Posli ručka, vreme se iznena da promenilo i počela je jaka kiša. Sačekali smo nekoliko minuta da se vreme malo smiri, a onda smo krenu li kući. Kada sam se vratio, nastavio sam da radim na racunaru. Uviče sam zavrošio preostale obavese i odlučio da ostatak dana, provedem odmarajući se."
5,40,40govornik3.wav,govornik3,veoma_dugi,79.772,11.339,0.1421,0.4328,43.28,"Cilj eksperimentalne analize sistema za automatsko prepoznavanje govora jeste da se utvrdi kako različiti faktori utiču na njegov rad. Možemo menjati veličinu modela, nivo pozadinskog šuma, jezik govornika, parametre dekodiranja, način kvantizacije ili korišćenje algoritma za detekciju govora. Svaki eksperiment treba organizovati tako da možemo jasno da utvrdimo posledice određene promene. Rezultati se zatim mogu posmatrati kroz više metrika. Word Error Rate pokazuje koliko se prepoznati tekst razlikuje od tačnog referentnog transkripta. Latencija pokazuje koliko vremena je potrebno za obradu, dok Real-Time Factor povezuje vreme obrade sa trajanjem samog zvučnog zapisa. Potrošnja memorije je posebno značajna kada model treba da radi na uređajima sa ograničenim resursima. Kombinovanjem ovih rezultata možemo da pronađemo konfiguraciju koja ne mora biti najbolja prema svakoj pojedinačnoj metrici, ali predstavlja dobar kompromis između tačnosti, brzine i potrebnih računarskih resursa.","Cijil eksperimentalna analizji sistema z automatiskopropoznavajne govora je ste da se otvrdi kako razliši tifaktori u ticu na njegovrad. Možemo menjati vjeročinu modela, nivo pozadinskog šuma, jezi govornika, parametre dekodiraja, način quantizacije ili korišćenja algoritma za detekciju govora. Svaki eksperiment treba organizoti tako da možemo jasno da otvrdimo posledice od ređene promene. Resultati se zatim mogu posmatrati kroz više metrika. Vore Error Rate pokazuje, koliko se prepoznaći tek se razlikuju otasno referentno transkripta. Latenci je pokazuje, koliko vremeno je potrebno za obradu, dok real-time faktor povezuje vreme obrade sa tranjem samog zvušnog zapisa. Potrošnjeme mori je posivno značenja, kada modela treba da radi na urodjima sa ogranićenima resursima. Kombinujem ovih rezultata možemo da pronadjemo o konfiguraciju koja ne moja robite najbolja prema, sva koji podinešno metrici, ali prestavlja dober kompromist izmiju tačnosti brzine i potrebnih resursa."
10,1,1govornik1.wav,govornik1,kratki,7.605,1.457,0.1916,0.3846,38.46,Veštačka inteligencija omogućava računarima da rešavaju složene probleme i analiziraju velike količine podataka.,Veštočka inteligencija omu gutevaro čunarima da rešavaju složene probleme i analiziraju veliki količine podataka.
10,4,4govornik1.wav,govornik1,kratki,7.291,1.259,0.1727,0.5,50.0,"Novi računari imaju brže procesore, više memorije i znatno bolje performanse nego prethodne generacije.","Novira čunari imaju brze procesore, više me morije i znatno bolje performance nego predchone generacije."
10,8,8govornik3.wav,govornik3,kratki,5.213,1.281,0.2457,0.5625,56.25,"Temperatura je tokom noći naglo pala, ali se očekuje da će sutra vreme ponovo biti toplije.","Temperature tokom noći naglopala, ali se očekuje, leće sutra vreme ponovobiti toplje."
10,11,11govornik1.wav,govornik1,srednji,16.463,2.425,0.1473,0.2903,29.03,"Savremeni sistemi za automatsko prepoznavanje govora koriste duboke neuronske mreže kako bi analizirali zvučni signal i pretvorili ga u tekst. Njihova tačnost zavisi od modela, kvaliteta snimka, jezika i karakteristika govornika.","Sa vremeni sistemi za automacko prepozavanje govora koriste dvike neuronske mreže kako bi analizirali zvučni signal i pretvorili ga u tekst. Nikhova tačno zavisti u modela, kvaliteta snimka, jezika i karakteristika govornika."
10,14,14govornik1.wav,govornik1,srednji,15.604,2.568,0.1646,0.4483,44.83,"Kada razgovaramo u tihoj prostoriji, sistem uglavnom može veoma jasno da prepozna izgovorene reči. Međutim, saobraćaj, muzika, razgovor drugih ljudi i različiti izvori šuma mogu značajno da otežaju transkripciju.","Kada razgovoramo u tihu i prostori, systemu glavno može veoma jasno da prepozne izgovorine reći, međutim, sabraćaj, muzika, razgovor, drugih ljudi i različiti izvorišuma mogu značajno da otežaju transkrypciju."
10,18,18govornik2.wav,govornik2,srednji,18.204,2.17,0.1192,0.1429,14.29,Brzina automatskog prepoznavanja govora posebno je važna kod aplikacija koje rade u realnom vremenu. Korisnik očekuje da sistem reaguje brzo i da se transkript pojavljuje bez primetnog kašnjenja.,"Brzina, automatskog prepoznavanja govora, posivno je važna kod aplikacije koje rade u realnom vremenu. Koristnik očekuje da sistem reaguje brzo i da se transkript pojavljuje bez primetno kašnjenja."
10,21,21govornik3.wav,govornik3,srednji,14.571,2.557,0.1755,0.4815,48.15,Kvantizacija omogućava da se neuronski model izvršava korišćenjem manje preciznih numeričkih formata. Na taj način moguće je smanjiti potrošnju memorije i ubrzati izvršavanje uz prihvatljivu promenu tačnosti.,Koantizacijom ugećava da se neuromski model izvršava koričnje manje preciznih numeričkih formata. Na taj način mogućije smanjeti potrošnje o memoria i ubrzati izvršeniju z prihvatni u promenu tačnosti.
10,24,24govornik3.wav,govornik3,srednji,11.645,2.0,0.1718,0.5172,51.72,"Kada se zvučnom signalu doda šum, neke reči postaju teže razumljive. Što je nivo šuma veći u odnosu na govor, sistemu je teže da napravi tačnu transkripciju celog snimka.","Kada se zlušnom signalu doda šum nekeret ću postuju teže razumnije. Što je nivo šuma veću odnosu negor, sistemuje teže da napraviti tašno transkrypciju celog snimk."
10,27,27govornik1.wav,govornik1,dugi,27.458,6.989,0.2545,0.5645,56.45,"Jednog jutra krenuo sam automobilom prema gradu nešto ranije nego obično. Saobraćaj je u početku bio veoma slab, ali se približavanjem centru broj vozila postepeno povećavao. Dok sam čekao na semaforu, na radiju su govorili o vremenskoj prognozi za narednih nekoliko dana. Najavljeno je sunčano vreme, ali i mogućnost kratkotrajne kiše tokom vikenda. Kada sam stigao, parkirao sam automobil i nastavio pešice.","Jednog jutra krenu osama u tomo bilom prema gradu nešto rani je negoovično. Sa obreći je u početku bio veoma slab, ali se približavajem centru broj vozila postepenu povećavo. No ksem čekao nas se ma for u neradiju su govorili o vremezko prognozi za narenih nekoliko dana. Najavljenu je sunčano vreme, ali mogušnost kratko treni kiše tokom vikenda. Karasam stigao, parkir osama u tomo bil i nastavio pesjice."
10,30,30govornik2.wav,govornik2,dugi,37.756,5.876,0.1556,0.2063,20.63,"Kada razvijamo sistem koji treba da radi u realnom vremenu, nije dovoljno posmatrati samo njegovu tačnost. Potrebno je analizirati koliko vremena modelu treba da obradi određenu količinu zvuka. Ako obrada pet sekundi govora traje kraće od pet sekundi, sistem potencijalno može da prati govor bez stalnog povećavanja kašnjenja. Zbog toga su latencija i faktor realnog vremena veoma korisne metrike prilikom evaluacije ovakvih sistema.",Kad razvijamo sistem koji treba da radi u realnom vremenu nije dovoljno posmatrati samo njegovu tačnost. Potrebno analizirati koliko vremena modelu treba da obradi odredinu količinu zvoka. Ako obrada 5 sekundi govor a traje kraće od 5 sekundi sistem potencijalno može da prati govor bez stalno odpovećavanja kašnjenja. Zbog togasu latencija i faktor realnog vremena veoma korisne metrike prilikom evaluacije ovakvi sistema.
10,32,32govornik3.wav,govornik3,dugi,27.968,5.8,0.2074,0.6167,61.67,"Ljudski govor nije potpuno konstantan signal. Neko govori brzo, neko sporije, a pojedini govornici prave veoma duge pauze između rečenica. Razlikuju se i visina glasa, naglasak, način izgovora i jačina govora. Sistem koji postiže odlične rezultate kod jednog govornika zato ne mora nužno da postigne iste rezultate kod druge osobe. Korišćenje više govornika omogućava realniju procenu sposobnosti modela da generalizuje.","Ljudski govor nije podplno konstantan signo, neko govori, brzo neko sporije, a pojedinji govornici pravajamo dudi pa uz izmiđu rećenica. A raznikuju se je visina glasa na glasak izgovari i jačina govara. Sistim koji postižovališne rezultate, kod jedno govorinika, za to nemora, nožno da postiđa iz terzultate kod drugi osove. Koriši neviše govorinikamo uvićava realnuju procenu sposomnosti modela... Da generalizve."
10,34,34govornik3.wav,govornik3,dugi,33.088,6.269,0.1895,0.6909,69.09,"Beam search predstavlja jedan od načina pronalaženja verovatne sekvence reči tokom dekodiranja rezultata modela. Veća vrednost parametra omogućava razmatranje većeg broja mogućih kandidata, ali istovremeno može da poveća vreme potrebno za obradu. Zbog toga je korisno eksperimentalno proveriti da li povećanje beam size parametra zaista donosi značajno poboljšanje tačnosti i koliko dodatnih računarskih resursa zahteva.","BIMSARč prestali jedanod način na proloženje verovatne sekvenci rečitokom dekodiranja rezultatama o dela. Veće vrednost parametra omuvi čeva razmatranje, većek broje mogućih kandidata, ali stovremino može da poweće vreme potravinu zobredu. Zbog toge koristno eksperimentalno provieriti dali povećanje BIMSARI z parametra zaistedono si značajno povićanje tašnosti i koliko dodatnih računarskih resursu se zechteva."
10,36,36govornik1.wav,govornik1,veoma_dugi,69.01,19.229,0.2786,0.4846,48.46,"Savremeni sistemi za automatsko prepoznavanje govora imaju veliki broj praktičnih primena. Mogu se koristiti za automatsko pravljenje transkripata sastanaka, generisanje titlova, glasovne asistente, pretragu multimedijalnog sadržaja i poboljšanje pristupačnosti digitalnih sistema. Ipak, kvalitet njihovog rada zavisi od velikog broja faktora. Govornici imaju različite glasove, akcente i brzine govora, dok snimci mogu nastati korišćenjem različitih mikrofona i u različitim prostorijama. Dodatni problem predstavlja pozadinski šum. Sistem koji veoma dobro radi u tihoj prostoriji ne mora da postigne isti rezultat na ulici ili u automobilu. Zbog toga evaluacija sistema ne bi trebalo da bude zasnovana na samo jednom zvučnom zapisu. Potrebno je koristiti više govornika, različite dužine snimaka i različite uslove. Pored tačnosti transkripcije, važno je analizirati vreme izvršavanja, potrošnju memorije i sposobnost sistema da obrađuje zvuk dovoljno brzo za praktičnu primenu.","Savrimini sistemi za otomacko prepoznavenja govara imaju velik broje praktičnih primena. Mogu se koristiti za otomacko pravnje transkripeta, sastanka, generisanje titlova, glasov neasistente, pretregu multimelijalno-k sadrgeja i pobošanje pristopačnosti digitalnih sistema. Ipak kvalitet njihovo grada zavisi od velikog broje faktor. Gornici imivra, različite glasovje, akcente i brzine govora. Do snimci mogu nasati koristijenje mračiti mikrofoni i u različitim prostorijama. Dolatnim problem predstavlja pozadinski šum, sistem koji veoma dobro radi u tihvoj prostoriji nemore da poscignisti rezultat na ulici i utomu bilo. Zbog toga, evalulacije sistema nebi trevalo da bude zastomana na samo jednom zvušnom zapisu. Potrano korisiti više govornika, različite tužine snimaka i različite ustlje. Poretaršnosti zreskripcije važne analizirati vremi izvršavanja. Potrošnju memoria isposobno sistema da obradio je zvuku dovoljno brazo za praktičnu primenu."
10,38,38govornik2.wav,govornik2,veoma_dugi,64.459,16.208,0.2515,0.2555,25.55,"Prošle nedelje imao sam prilično ispunjen dan. Ujutru sam ustao ranije jer sam morao da završim nekoliko obaveza pre odlaska u grad. Posle doručka proverio sam poruke, pripremio stvari koje su mi bile potrebne i krenuo automobilom. Na putu je bilo više saobraćaja nego što sam očekivao, pa mi je trebalo skoro pola sata da stignem do centra. Prvo sam otišao do prodavnice, zatim do banke, a nakon toga sam se našao sa prijateljem kojeg nisam video nekoliko meseci. Razgovarali smo o poslu, putovanjima i planovima za narednu godinu. Posle ručka vreme se iznenada promenilo i počela je jaka kiša. Sačekali smo nekoliko minuta da se vreme malo smiri, a onda smo krenuli kući. Kada sam se vratio, nastavio sam da radim na računaru. Uveče sam završio preostale obaveze i odlučio da ostatak dana provedem odmarajući se.","Prošle nedelje imao sam prilično izpunjen dan. U jutru sam ustao rani je, jer sam morao da završim nekoliko obave za pre odlaska ugrad. Posli doručka proverijo sam poruke, pripremijo stvari koji su mi bile potrebne i krenu automobilom. Na putu je bilo više sa abreće, nego što sam očekivao, pa mi je trebalo skoro pola sata dost da stihnem do centra. Prvo sam otišao do prodavnice, zatim do bankije, a nakon toga sam se našao sa prijetili koje gni sam video nekoliko mesici. Rozgovarali smo o poslu putovanjima i planovima za narednu godinu. Posli ručka, vreme se iznena da promenilo i počila je jaka kiša. Sačekali smo nekoliko minuta da se vreme malo smiri, a onda smo krenu li kući. Kada sam se vratio, nastavio sam da radim na ročunaru. Uviči sam zavrošio preostale obavese i odlučio da ostatak dana, provedem odmarajući se."
10,40,40govornik3.wav,govornik3,veoma_dugi,79.772,20.499,0.257,0.4179,41.79,"Cilj eksperimentalne analize sistema za automatsko prepoznavanje govora jeste da se utvrdi kako različiti faktori utiču na njegov rad. Možemo menjati veličinu modela, nivo pozadinskog šuma, jezik govornika, parametre dekodiranja, način kvantizacije ili korišćenje algoritma za detekciju govora. Svaki eksperiment treba organizovati tako da možemo jasno da utvrdimo posledice određene promene. Rezultati se zatim mogu posmatrati kroz više metrika. Word Error Rate pokazuje koliko se prepoznati tekst razlikuje od tačnog referentnog transkripta. Latencija pokazuje koliko vremena je potrebno za obradu, dok Real-Time Factor povezuje vreme obrade sa trajanjem samog zvučnog zapisa. Potrošnja memorije je posebno značajna kada model treba da radi na uređajima sa ograničenim resursima. Kombinovanjem ovih rezultata možemo da pronađemo konfiguraciju koja ne mora biti najbolja prema svakoj pojedinačnoj metrici, ali predstavlja dobar kompromis između tačnosti, brzine i potrebnih računarskih resursa.","Cijil eksperimentalna analizji sistema z automatiskopropoznomanja govora je ste da se otvrdi kako razliši tifaktori u ticu na njegovrad. Možemo menjati većinu modela nivo pozadinskog šuma, jezi govornika, parametre dekodiranja, način quantizacije i korišćinja algoritma za detekciju govora. Svaki eksperiment treba organizovati tako da možemo jasno da otvrdimo posledice od ređene promene. Resultati se zatim mogu posmatrati kroz više metrika. Vore Error Rate pokazuje, koliko se prepoznati tek se razlikuju od tašno referentno transkripta. Zatenci je pokazuje, koliko vremeno je potrebno za obradu, dok Real Time Factor povijezuje vreme obrade sa tranjem samog zvušnog zapisa. Potrošnji me mori je posivno značena, kada modela treba da radi na urodijem sa ogranićenji me resursima. Kombinujem ovih rezultata možemo da popronajem o konfiguraciju koja ne mora biti najbolja prema. Svako je podinešno metrici, ali prestavlja dobar kompromist izmiju tačnosti, brzine i potrebnjih resursa."
