Model,Grupa_duzine,Broj_snimaka,Prosecno_trajanje,Prosecno_vreme,Prosecan_RTF,Prosecan_WER
base,dugi,5,32.396,4.237,0.133,43.94
base,kratki,5,7.366,1.171,0.162,39.296
base,srednji,5,15.458,1.73,0.113,41.808
base,veoma_dugi,5,71.656,10.937,0.153,38.52
medium,dugi,5,32.396,30.595,0.948,5.258
medium,kratki,5,7.366,8.756,1.212,8.286
medium,srednji,5,15.458,13.394,0.874,12.428
medium,veoma_dugi,5,71.656,81.484,1.147,26.578
small,dugi,5,32.396,11.175,0.346,17.608
small,kratki,5,7.366,3.429,0.472,15.456
small,srednji,5,15.458,5.21,0.339,27.21
small,veoma_dugi,5,71.656,28.961,0.405,19.79
tiny,dugi,5,32.396,2.654,0.083,60.442
tiny,kratki,5,7.366,0.769,0.106,69.32
tiny,srednji,5,15.458,1.153,0.075,68.466
tiny,veoma_dugi,5,71.656,6.016,0.084,57.67
