Model,Govornik,Broj_snimaka,Prosecno_vreme,Prosecan_RTF,Prosecan_WER
base,govornik1,13,2.893,0.143,45.394
base,govornik2,5,5.932,0.125,28.538
base,govornik3,2,11.556,0.164,42.505
medium,govornik1,13,22.644,1.074,16.29
medium,govornik2,5,44.974,0.958,4.616
medium,govornik3,2,75.952,1.076,13.95
small,govornik1,13,7.966,0.4,22.601
small,govornik2,5,16.66,0.36,10.488
small,govornik3,2,28.505,0.404,27.035
tiny,govornik1,13,1.85,0.093,68.945
tiny,govornik2,5,3.206,0.071,50.696
tiny,govornik3,2,6.44,0.09,64.865
