Model,Broj,Audio,Govornik,Grupa_duzine,Trajanje [s],Vreme [s],RTF,WER,WER [%],Referenca,Transkript
tiny,1,1govornik1.wav,govornik1,kratki,7.6,0.891,0.1172,0.9231,92.31,Veštačka inteligencija omogućava računarima da rešavaju složene probleme i analiziraju velike količine podataka.,"Veš točka inteligencija omogućevaro, čunarima, da rešavaju slorze neprobleme i analizjeraju, veali ki količi ne podatega."
tiny,2,2govornik1.wav,govornik1,kratki,6.78,0.771,0.1138,0.7143,71.43,Automatsko prepoznavanje govora pretvara izgovorene reči u tekst koji računar može dalje da obrađuje.,"Automatsko prepo znamanje govora, tretve rejzgovori ne reću text, koji ročunar može dalje dobrađu."
tiny,3,3govornik1.wav,govornik1,kratki,5.83,0.675,0.1159,0.6667,66.67,"Danas je veoma prijatan dan, pa smo odlučili da prošetamo kroz centar grada posle ručka.",Danas je vejama prijetan Dan. Pas modlucili da prošetama krozcentar grada posliručk.
tiny,4,4govornik1.wav,govornik1,kratki,7.29,0.699,0.0959,0.4286,42.86,"Novi računari imaju brže procesore, više memorije i znatno bolje performanse nego prethodne generacije.","Novi ročunari imaju brze procesore, više imorije i znatno bolje performance nego predhko neg generacije."
tiny,5,5govornik2.wav,govornik2,kratki,9.33,0.808,0.0865,0.7333,73.33,Mašinsko učenje koristi podatke kako bi model naučio da prepoznaje obrasce i donosi odgovarajuće odluke.,"Masin sko učinje koristi podatke, kako bi model na učio da prepozne je obrazce i donosji utgovarajući odluki."
tiny,11,11govornik1.wav,govornik1,srednji,16.46,1.11,0.0674,0.6452,64.52,"Savremeni sistemi za automatsko prepoznavanje govora koriste duboke neuronske mreže kako bi analizirali zvučni signal i pretvorili ga u tekst. Njihova tačnost zavisi od modela, kvaliteta snimka, jezika i karakteristika govornika.","Sa vremeni sistemi za automatsko prepozavanje govora, koristje dulkine uronskim reže, kako bje analizijreli zvucenstignal i predvoreli gov text. Nihova tačno zavistyun modela, kvaliteta snimka, jedika i karakteristika govornika."
tiny,12,12govornik1.wav,govornik1,srednji,12.72,1.083,0.0851,0.6452,64.52,"Juče sam krenuo do grada nešto ranije nego obično. Na ulicama nije bilo mnogo ljudi, pa sam brzo završio sve obaveze. Nakon toga sam seo u obližnji kafić i sačekao prijatelja.","Juče sam krenu do grada nešto rani je nego obično. No ulicama ne je bilom nowo ljudi, pa sam brzu završivostve oba vezi. Na kuntoga sam se ovoblžni kaffić i se čekao prijatelja."
tiny,13,13govornik1.wav,govornik1,srednji,15.08,1.272,0.0844,0.5172,51.72,Whisper je model za automatsko prepoznavanje govora koji može da radi sa velikim brojem jezika. Faster-Whisper koristi optimizovanu implementaciju koja omogućava efikasnije izvršavanje i manju potrošnju računarskih resursa.,"Višper je moda z automatsko prepoznamenje govara, kui može da radi sa verikim brojem jezika. Faster višper koristi optimizovanu implementaciju, koja mogućeva i fikastni i zvarsavani i manju potrošniu ročunerskich resursa."
tiny,14,14govornik1.wav,govornik1,srednji,15.6,1.111,0.0712,0.7586,75.86,"Kada razgovaramo u tihoj prostoriji, sistem uglavnom može veoma jasno da prepozna izgovorene reči. Međutim, saobraćaj, muzika, razgovor drugih ljudi i različiti izvori šuma mogu značajno da otežaju transkripciju.","Kada razgovramo u tichu i prostori, systemu glavnom može vejama jasno da prepozne zgovori nereč, medjutim, sa abraće, muzika, razgovor, drugi hliudi i razće i izvrišuma, mogu znaceno da o težiu transcribci."
tiny,15,15govornik1.wav,govornik1,srednji,17.43,1.191,0.0683,0.8571,85.71,"Tokom razvoja softverske aplikacije programeri prvo analiziraju zahteve korisnika, zatim projektuju sistem i implementiraju potrebne funkcionalnosti. Nakon toga slede testiranje, ispravljanje grešaka i postavljanje aplikacije u produkciono okruženje.","Tokom razvve sovterske aplikacije proga mery provo analiziri u zahhteve korysnika. Zatim projektu, system, implementiri u potirmaj funkcjonalnosti. Na kon toga sledete stirenje, izpravljenje gresheka i postavljenje aplikacijo produkciono okruženje."
tiny,26,26govornik1.wav,govornik1,dugi,31.09,2.635,0.0847,0.7069,70.69,"Automatsko prepoznavanje govora predstavlja oblast veštačke inteligencije koja se bavi pretvaranjem zvučnog signala u tekst. Savremeni sistemi koriste modele dubokog učenja koji mogu da analiziraju kompleksne karakteristike ljudskog govora. Njihove performanse mogu da zavise od jezika, kvaliteta mikrofona, prisustva pozadinskog šuma, brzine govora i karakteristika samog govornika. Zbog toga je prilikom evaluacije važno koristiti različite vrste zvučnih zapisa.","Automansko prepoznavenje gowora presta vjavlja oblas sveštačka inteligencije koje se bavi pretvarajem zvušno ksignala u tekst. Savremini sistemi koristem o delet dubu kog učenja, kui mogu da nalizirju kompleksne karakteristike Ąudskog gowora. Nihove performance mogu da za visi odjezika, kvaliteta mikrofona, prisu sa pozadinskog šuma, brziny gowora i karakteristike samo gowarnik. Zbog toge priliku mevaluacije vaju koristiti razgite vrste zvušno i zapisa."
tiny,27,27govornik1.wav,govornik1,dugi,27.46,1.884,0.0686,0.7097,70.97,"Jednog jutra krenuo sam automobilom prema gradu nešto ranije nego obično. Saobraćaj je u početku bio veoma slab, ali se približavanjem centru broj vozila postepeno povećavao. Dok sam čekao na semaforu, na radiju su govorili o vremenskoj prognozi za narednih nekoliko dana. Najavljeno je sunčano vreme, ali i mogućnost kratkotrajne kiše tokom vikenda. Kada sam stigao, parkirao sam automobil i nastavio pešice.","Jednog djutra krenu o samavu tomu bilom prema gradu nešto rani je nego obično. Sa obreciju početku bio veoma slab, ali se pribižavanjim centru broj vozila postepenu povičava. Dok sam čeka ona sema foru ne radiju sugovorili o vremezku prognosi za narednih nekoli kodana. Nejavjenu je sončano vrejme, ali imu gusno s kratko treniki iše to komvikenda. Kere sam sti gav, parkiru o samavu tom obil i nastavio pešice."
tiny,28,28govornik1.wav,govornik1,dugi,30.7,4.416,0.1438,0.6825,68.25,"Whisper postoji u više veličina modela, od veoma malih do znatno većih modela. Manji modeli zahtevaju manje memorije i uglavnom omogućavaju bržu transkripciju, dok veći modeli mogu da pruže veću tačnost u zahtevnijim uslovima. Zbog toga izbor modela predstavlja kompromis između kvaliteta transkripcije i potrebnih računarskih resursa. Taj kompromis je posebno važan kada se sistem izvršava na običnom računaru bez snažne grafičke kartice.","Višper postujivviše ve ličina modela, odvejamo mali kdo znatno većih modela. Mani modeli zahtevaju mani mimo rje i uglavno ugoćavaju baržu transcripciu, doh veći modeli mogu da pruže veću tarshonsu zahtivnijim ustlojimo. Zbog toga izbormo dela prestelja kompromiss i zmidju kvaliteta transcripcij i potrebnji charočunarskih resursa. Taj kompromiss je posemnovažan kare se systemi zvarsvena obično marčunaru, pez nažne i gravičke kartice."
tiny,29,29govornik2.wav,govornik2,dugi,34.97,2.105,0.0602,0.5738,57.38,"Pozadinski šum predstavlja jedan od najčešćih problema kod sistema za automatsko prepoznavanje govora. U realnom okruženju mikrofon ne snima samo glas osobe već i zvuk automobila, ventilatora, drugih ljudi ili muzike. Ako je govor dovoljno snažan u odnosu na šum, transkripcija može ostati veoma dobra. Međutim, kada se odnos signala i šuma smanjuje, broj pogrešno prepoznatih reči uglavnom počinje da raste.","Pozled in skižum presta vle jedan od najčeštih problema, kod sistema za automatsko prepozdavanje govara. U realnom okruženju mikrofon nesnima samo glaso, sobe veti zvuk automobila ventilatora, drugih ljudi ili musiki. A koje govr dovolnost naža u odnosu nažum, transkrypcija može ostati vea oma dobra. Nedjutim, kada se odnosignala išumasmanju je, broj pogrešno prepoznatih reći uglalnom počinje darast."
tiny,30,30govornik2.wav,govornik2,dugi,37.76,2.231,0.0591,0.3492,34.92,"Kada razvijamo sistem koji treba da radi u realnom vremenu, nije dovoljno posmatrati samo njegovu tačnost. Potrebno je analizirati koliko vremena modelu treba da obradi određenu količinu zvuka. Ako obrada pet sekundi govora traje kraće od pet sekundi, sistem potencijalno može da prati govor bez stalnog povećavanja kašnjenja. Zbog toga su latencija i faktor realnog vremena veoma korisne metrike prilikom evaluacije ovakvih sistema.","Kada razvijamo sistem koji treba da radi urealnom vremenu, nije dovolno posmatrati samo njegovu tacznost. Potrebno enalyzirati koliko vremena modelu treba da obradi određenu kuličinu zvoka. A kobra da pjeci kundi govora traje kraće od pjeci kundi, sistem potenzijamo može da prati govor bestalno povećavenja kašnjenja. Zbog toga su alatencija i faktor realnog vremena veoma korisne metrike priglikom evaluacije ovakvi sistema."
tiny,36,36govornik1.wav,govornik1,veoma_dugi,69.01,6.315,0.0915,0.7077,70.77,"Savremeni sistemi za automatsko prepoznavanje govora imaju veliki broj praktičnih primena. Mogu se koristiti za automatsko pravljenje transkripata sastanaka, generisanje titlova, glasovne asistente, pretragu multimedijalnog sadržaja i poboljšanje pristupačnosti digitalnih sistema. Ipak, kvalitet njihovog rada zavisi od velikog broja faktora. Govornici imaju različite glasove, akcente i brzine govora, dok snimci mogu nastati korišćenjem različitih mikrofona i u različitim prostorijama. Dodatni problem predstavlja pozadinski šum. Sistem koji veoma dobro radi u tihoj prostoriji ne mora da postigne isti rezultat na ulici ili u automobilu. Zbog toga evaluacija sistema ne bi trebalo da bude zasnovana na samo jednom zvučnom zapisu. Potrebno je koristiti više govornika, različite dužine snimaka i različite uslove. Pored tačnosti transkripcije, važno je analizirati vreme izvršavanja, potrošnju memorije i sposobnost sistema da obrađuje zvuk dovoljno brzo za praktičnu primenu.","Savremeni sistemi za automatsko prepoznamenje govara i mjuvijelik broj praktycznich primeno. Mogu se koristiti za automatsko pravnije transkripeta, sastanka, generisanje titlova, glasovne asistente, pretregu mutu i mjelnog sadržaja i pobošanje pristu pašnacijdi gitanik sistema. I pa kvalitet, nihovog grada, za visi od velikuk broję faktor, govori nici mjur, razaći te glasovje, akcenti i brzijne govor. Duk s nimci mogu nastati koristi nje mraći tih mikrofoni i u razaći tim prostoria. Dolatnim promljem precaja pozdinski šum, sistem koji vejama dobro radio tihu prostori, nemo rada poscignijste rezultat na ulici i automum bilu. Zbog toga, evalovacije sistema nebitrevalo da bude zaastamana na samo jednom zvušljom zapisu. Poternu nekorisiti više govornika, razaći titu žinestimeka i razaći titi ustave. Po retaršnosti, zrescribcije, važne analizireti vremi zvršavanja. Potrošnjume morje i sposobno sistema da obradio zvuk dovolnom brz za praktycznu primenu."
tiny,37,37govornik2.wav,govornik2,veoma_dugi,82.43,6.123,0.0743,0.4113,41.13,"Kada govorimo o performansama modela za prepoznavanje govora, postoje dve različite stvari koje želimo da postignemo. Prva je što tačniji transkript, a druga što efikasnije izvršavanje. Veći model može bolje da prepozna komplikovane rečenice ili govor u težim uslovima, ali istovremeno može zahtevati mnogo više memorije i vremena. Manji model može biti nešto manje precizan, ali dovoljno brz da se koristi na običnom laptopu. Kvantizacija predstavlja još jedan način optimizacije jer omogućava korišćenje numeričkog formata manje preciznosti. Time se može smanjiti količina potrebne memorije i ubrzati obrada. Međutim, svaka optimizacija mora da bude eksperimentalno proverena. Nije dovoljno pokazati da je jedna konfiguracija brža. Potrebno je proveriti i da li je njena tačnost ostala prihvatljiva. Upravo zato se koriste metrike kao što su Word Error Rate, latencija i Real-Time Factor, koje omogućavaju da različite konfiguracije modela budu upoređene na objektivan način.","Kada govorimo o performansam a modela za prepoznavanje govora, posto je dve različite stvari koje želi moda postignemo. Prveje što tačni i transcript a druga što efikasni je izvršalani. Veći model može polje da prepozna, komplicowane rečenice ili govor u težim uslovima, ali stovremeno može za tevetim nogoviše memorije i vremena. Mani model može biti nešto manje precizen, ali dovolno brz da se koristina običnom laptopu. Quantizacija presta vle još jeda načim optimizacije jer omog ućeva koristinje numeričko formata manje preciznosti. Time se može smaniti količina potrebnememorije i ubrzati obrada. Međutim svaka optimizacija mora da bude eksperimentalno proverena. Međe dovolno pokazati da jedna konfiguracija broža potrebno je proveriti dali je njenatacno stostala prihvatliva. Upravo zato se koristem metrike kao što su vord error rat, latencija i realtim faktor koju omog ućaveju da različite konfiguracije modela budu upoređene na objektiva načim."
tiny,38,38govornik2.wav,govornik2,veoma_dugi,64.46,4.763,0.0739,0.4672,46.72,"Prošle nedelje imao sam prilično ispunjen dan. Ujutru sam ustao ranije jer sam morao da završim nekoliko obaveza pre odlaska u grad. Posle doručka proverio sam poruke, pripremio stvari koje su mi bile potrebne i krenuo automobilom. Na putu je bilo više saobraćaja nego što sam očekivao, pa mi je trebalo skoro pola sata da stignem do centra. Prvo sam otišao do prodavnice, zatim do banke, a nakon toga sam se našao sa prijateljem kojeg nisam video nekoliko meseci. Razgovarali smo o poslu, putovanjima i planovima za narednu godinu. Posle ručka vreme se iznenada promenilo i počela je jaka kiša. Sačekali smo nekoliko minuta da se vreme malo smiri, a onda smo krenuli kući. Kada sam se vratio, nastavio sam da radim na računaru. Uveče sam završio preostale obaveze i odlučio da ostatak dana provedem odmarajući se.","Prošljene ide je imao sam prilično i spunjendan, uju trusam ustovrani je jer sam morova da završim nekuliko oba ve za pre odlaska ugrad. Po sli doručka proverio sam poruke pripremio stvari koji su mi bile potrebne i krenu automobilu. Na putuje bilo više se obreće nego što sam očekivo, pami je trebalo skoro pola sata do stignem do centra. Prvo sam otišao do prodavnice zatim do bankje a nakun toga sam se našao sa prijeti kojeg nisam video nekuliko mesici. Rozgavarali smo oposlu putovanima i planovima za narjednogodino. Po sli rucka vreme se iznena da promenilo i počela i jaka kisša. Saczikali smo nekuliko minuta da se vreme malo smiri a onda smo krenu likući. Kad se sam se vratio nastavio sam da radim naročunaru. Uviće sam zavroši o preostal je obovezi i odluci od ostatek dana provedem od marajući se."
tiny,39,39govornik3.wav,govornik3,veoma_dugi,62.61,5.68,0.0907,0.6331,63.31,"Sistem koji obrađuje govor u realnom vremenu mora da rešava nešto drugačiji problem od sistema koji dobije kompletan audio zapis. Kod klasične transkripcije model može da dobije čitav snimak i zatim ga obradi. Kod realnog vremena zvuk neprestano pristiže, pa ga je potrebno podeliti na manje delove. Ako koristimo veoma kratke segmente, sistem može brzo da prikaže rezultat, ali model ima manje konteksta za pravilno prepoznavanje rečenice. Sa druge strane, ako koristimo duge segmente, model dobija više konteksta, ali korisnik mora duže da čeka na rezultat. Zbog toga izbor veličine segmenta predstavlja kompromis između latencije i kvaliteta transkripcije. Na primer, mogu se uporediti segmenti od dve, pet i deset sekundi. Za svaku konfiguraciju moguće je izmeriti vreme obrade, faktor realnog vremena i tačnost konačnog transkripta. Takav eksperiment omogućava da se utvrdi koja konfiguracija predstavlja najbolji kompromis za praktičan sistem.","Sistim koje ubraću goju realnom vremenu morada rešava nešto druviatši i provedemo sistema koji dobie kompletana odio zapis. Kod klasišne, transcripci, modu moži da dobie čito s nimak i zatim gobradi. Kod realnom vremena zvuk neprestlno pristiži, paka je potrebno poddeliti na manje delve. A kukoristimo veamo kratke segmente, sistimo, že brzda do prikaže rezultat, ali modelima manje kontexta zapravima pripoznavanje rešenice. Se drugje strane kukoristimo doge segmente, modu dobija više kontexta, ali koristik mora duži da čeka narzultat. Zbog toga izborveli še nesegmenta, prestavija kompromis izmiđu, platenci je i kvaliteta transcripci. Na prima, mogu se oporejte segmenti od 25-10 sekundi. De svaku, konfigurati su, mogu će izmeriti vreme obrade. Fakto realnog vremena i tačnosti konšnog transcripta. Tako eksperimento mogu ćava da se u tvrdi, koja konfigurati je prestavija najbolji kompromis za praktičan system."
tiny,40,40govornik3.wav,govornik3,veoma_dugi,79.77,7.199,0.0902,0.6642,66.42,"Cilj eksperimentalne analize sistema za automatsko prepoznavanje govora jeste da se utvrdi kako različiti faktori utiču na njegov rad. Možemo menjati veličinu modela, nivo pozadinskog šuma, jezik govornika, parametre dekodiranja, način kvantizacije ili korišćenje algoritma za detekciju govora. Svaki eksperiment treba organizovati tako da možemo jasno da utvrdimo posledice određene promene. Rezultati se zatim mogu posmatrati kroz više metrika. Word Error Rate pokazuje koliko se prepoznati tekst razlikuje od tačnog referentnog transkripta. Latencija pokazuje koliko vremena je potrebno za obradu, dok Real-Time Factor povezuje vreme obrade sa trajanjem samog zvučnog zapisa. Potrošnja memorije je posebno značajna kada model treba da radi na uređajima sa ograničenim resursima. Kombinovanjem ovih rezultata možemo da pronađemo konfiguraciju koja ne mora biti najbolja prema svakoj pojedinačnoj metrici, ali predstavlja dobar kompromis između tačnosti, brzine i potrebnih računarskih resursa.","Cil eksperimentalne ljezi systema zutumatsko-propozdavanje govra, jeste da se u tvrdi, kako razištiti faktoru tičunno nje govra. Možemo menjati viručinu modela, nevo pozadinskuk šuma, jezi govrnika, parametre deku djereja, način quantizaciji i koryščin algoritma, zaditeksju govra. svaki eksperiment treba organizati, tako da možemo jasno do u tvrdimo, postajice određene promene. Resultati se za ti mogu posmetrity kroz više metrika. Vorajero rejt pokazvi koji koji se prepoznatiti texta, razlijku je odtacznog referentnog transklipta. Odatenci je pokazvi koji koji koji vremenje potrebno zobradu, doke real time factor povezvi vreme obrede sa, trajnim samog zvursnog zapisa. Po trošni mimori je posimno začinog, kada model treba deradina, urudijem je se ograditi šlinima resursima. kombinovanima, onih je rezultatta, možemo da pro nazima konfiguracju koja ne mora biti, najbolja prema svakoj podinjašno i metrici, ali prestavlja dobar kompromis, izmeju tacznosti, brzine i potrebnji. Raczna razlijku je resursa."
base,1,1govornik1.wav,govornik1,kratki,7.6,1.236,0.1626,0.3077,30.77,Veštačka inteligencija omogućava računarima da rešavaju složene probleme i analiziraju velike količine podataka.,Veštočka inteligencija omugućevaroču narima da rešavaju složene probleme i analiziraju veliki količine podataka.
base,2,2govornik1.wav,govornik1,kratki,6.78,1.174,0.1732,0.3571,35.71,Automatsko prepoznavanje govora pretvara izgovorene reči u tekst koji računar može dalje da obrađuje.,"Automacko prepoznamenje govora, pretvara izgovorine reći u tekst koji računar može dalje da obradju."
base,3,3govornik1.wav,govornik1,kratki,5.83,1.112,0.1907,0.5333,53.33,"Danas je veoma prijatan dan, pa smo odlučili da prošetamo kroz centar grada posle ručka.",Danas je veoma prijetan dan. Pasmo dlučili da prositamo kroz center grada posliručka.
base,4,4govornik1.wav,govornik1,kratki,7.29,1.146,0.1571,0.5,50.0,"Novi računari imaju brže procesore, više memorije i znatno bolje performanse nego prethodne generacije.","Novira čunari imaju brze procesore, više me morije i znatno bolje performance nego predchone generacije."
base,5,5govornik2.wav,govornik2,kratki,9.33,1.188,0.1272,0.2667,26.67,Mašinsko učenje koristi podatke kako bi model naučio da prepoznaje obrasce i donosi odgovarajuće odluke.,Mašinsko učinje koristi podatke kako bi model naučijo da prepoznaje obrastce i donosi odgovarajuće odluk.
base,11,11govornik1.wav,govornik1,srednji,16.46,1.699,0.1032,0.2903,29.03,"Savremeni sistemi za automatsko prepoznavanje govora koriste duboke neuronske mreže kako bi analizirali zvučni signal i pretvorili ga u tekst. Njihova tačnost zavisi od modela, kvaliteta snimka, jezika i karakteristika govornika.","Savrimini sistemi za automacko prepozavanje govora koriste duvike neuronske mereže, kako bije analizirali zvučni signal i pretvorili ga u tekst. Njihova tačno zavisti u modela, kvaliteta snimka, jezika i karakteristika govornika."
base,12,12govornik1.wav,govornik1,srednji,12.72,1.615,0.1269,0.6129,61.29,"Juče sam krenuo do grada nešto ranije nego obično. Na ulicama nije bilo mnogo ljudi, pa sam brzo završio sve obaveze. Nakon toga sam seo u obližnji kafić i sačekao prijatelja.","Juče sam krenuo do grada nešto rani je neko obično. No ulicama ni je bilo mnovo ljudi, pa sam brzuza vršiva sve ova veze. Nakon toga sam se je ovo obližni kafeć i se čekao prijetelja."
base,13,13govornik1.wav,govornik1,srednji,15.08,1.767,0.1172,0.3793,37.93,Whisper je model za automatsko prepoznavanje govora koji može da radi sa velikim brojem jezika. Faster-Whisper koristi optimizovanu implementaciju koja omogućava efikasnije izvršavanje i manju potrošnju računarskih resursa.,"Višper je moda za automacko prepoznavenje govora, koji može da radi sa verikim brojem jezika. Faster Višper koristi optimizovanu implementaciju kojo mogućila je hvikastnje izvarsavanje i manju potrošnju računarskih resursa."
base,14,14govornik1.wav,govornik1,srednji,15.6,1.81,0.116,0.3793,37.93,"Kada razgovaramo u tihoj prostoriji, sistem uglavnom može veoma jasno da prepozna izgovorene reči. Međutim, saobraćaj, muzika, razgovor drugih ljudi i različiti izvori šuma mogu značajno da otežaju transkripciju.","Kada razgovoramo u tihu i prostori, sistemu glavnom može veoma jasno da prepozne izgovorine reći, međutim, sabraćaj, muzika, razgovor, drugih ljudi i različiti izvori šuma mogu značajno da otežaju transkrypciju."
base,15,15govornik1.wav,govornik1,srednji,17.43,1.759,0.1009,0.4286,42.86,"Tokom razvoja softverske aplikacije programeri prvo analiziraju zahteve korisnika, zatim projektuju sistem i implementiraju potrebne funkcionalnosti. Nakon toga slede testiranje, ispravljanje grešaka i postavljanje aplikacije u produkciono okruženje.","Tokom razvoje software aplikacije progameri prvo analiziriju zahteve korisnika, zatim projektuju sistem implementiriju potrme funkcjonalnosti. Nakon toga slede testiranje, izpravljenje grešaka i postavljenje aplikaciju produkciono okruženje."
base,26,26govornik1.wav,govornik1,dugi,31.09,4.436,0.1427,0.4138,41.38,"Automatsko prepoznavanje govora predstavlja oblast veštačke inteligencije koja se bavi pretvaranjem zvučnog signala u tekst. Savremeni sistemi koriste modele dubokog učenja koji mogu da analiziraju kompleksne karakteristike ljudskog govora. Njihove performanse mogu da zavise od jezika, kvaliteta mikrofona, prisustva pozadinskog šuma, brzine govora i karakteristika samog govornika. Zbog toga je prilikom evaluacije važno koristiti različite vrste zvučnih zapisa.","Automacko prepoznavenje govora prestavlja oblast veštački inteligencije, koje se bavi pretvarajem zvušnuksignala u tekst. Savremini sistemi koriste modele dubo kogućenja, koji mogu danaliziriju kompleksne karakteristike ljudskog govora. Njihove performance mogu da zavisa od jezika, kvaliteta mikrofona, priso sa pozadnjskog šuma, brzine govora i karakteristike samog govornika. Z Bogtoga je priliko mevaluacije, važno koristiti razžite vrste zvučnih zapisa."
base,27,27govornik1.wav,govornik1,dugi,27.46,4.54,0.1654,0.5645,56.45,"Jednog jutra krenuo sam automobilom prema gradu nešto ranije nego obično. Saobraćaj je u početku bio veoma slab, ali se približavanjem centru broj vozila postepeno povećavao. Dok sam čekao na semaforu, na radiju su govorili o vremenskoj prognozi za narednih nekoliko dana. Najavljeno je sunčano vreme, ali i mogućnost kratkotrajne kiše tokom vikenda. Kada sam stigao, parkirao sam automobil i nastavio pešice.","Jednog jutra krenu osama u tomo bilom prema gradu nešto rani je nego obično. Sa obreći je u početku bio veoma slab, ali se približavajem centru broj vozila postepenu povećavo. No ksem čekao nas sema for u neradiju su govorili o vremezko prognozi za narenih nekoliko dana. Najavljenu je sunčano vreme, ali mogu smo skratko treni kiše tokom weekenda. Karasam stigao, parkir osama u tomo bil i nastavio pesjice."
base,28,28govornik1.wav,govornik1,dugi,30.7,4.481,0.146,0.619,61.9,"Whisper postoji u više veličina modela, od veoma malih do znatno većih modela. Manji modeli zahtevaju manje memorije i uglavnom omogućavaju bržu transkripciju, dok veći modeli mogu da pruže veću tačnost u zahtevnijim uslovima. Zbog toga izbor modela predstavlja kompromis između kvaliteta transkripcije i potrebnih računarskih resursa. Taj kompromis je posebno važan kada se sistem izvršava na običnom računaru bez snažne grafičke kartice.","Višber postuju u više veli činama modela, odzveamo malih doznatno većih modela, manjim modeli zahtevi u manjimi morije i u glavnom ugočavaju baržu transkripsiju, do kvećim modeli mogu da pruža veću tarsnostu zahtivnijim uslojima. Zbog toga izbor modela prestali a kompromis iz mediukvaliteta transkripsije i potrebnih herročunarskih resursa. Taj kompromis je posemno važen, kad je se sistem izvršavaj na običnom računaru pesnažna graficje kartice."
base,29,29govornik2.wav,govornik2,dugi,34.97,3.852,0.1102,0.3934,39.34,"Pozadinski šum predstavlja jedan od najčešćih problema kod sistema za automatsko prepoznavanje govora. U realnom okruženju mikrofon ne snima samo glas osobe već i zvuk automobila, ventilatora, drugih ljudi ili muzike. Ako je govor dovoljno snažan u odnosu na šum, transkripcija može ostati veoma dobra. Međutim, kada se odnos signala i šuma smanjuje, broj pogrešno prepoznatih reči uglavnom počinje da raste.","Pozadinski šum prestavlja jedan od najčeštih problema ko systema za automatsko prepoznavajne govora. U realnom okruženju mikrofon nesnima samo glaso sobe veci zvuk automobila ventilatora, drugih ljudi ili muzike. Ako je govor dovoljno snaža u odnosu na šum transkripcija može ostati veoma dobra. Medjutim, kad se odnosi gnala i šumas manjuje, broj pograšno prepoznatih reći u glavnom počinje darast."
base,30,30govornik2.wav,govornik2,dugi,37.76,3.874,0.1026,0.2063,20.63,"Kada razvijamo sistem koji treba da radi u realnom vremenu, nije dovoljno posmatrati samo njegovu tačnost. Potrebno je analizirati koliko vremena modelu treba da obradi određenu količinu zvuka. Ako obrada pet sekundi govora traje kraće od pet sekundi, sistem potencijalno može da prati govor bez stalnog povećavanja kašnjenja. Zbog toga su latencija i faktor realnog vremena veoma korisne metrike prilikom evaluacije ovakvih sistema.",Kad razvijamo sistem koji treba da radi u realnom vremenu nije dovoljno posmatrati samo njegovu tačnost. Potrebno analizirati koliko vremena modelu treba da obradi odredinu količinu zvoka. Ako obrada 5 sekundi govor a traje kraće od 5 sekundi sistem potencijalno može da prati govor bez stalno odpovećavanja kašnjenja. Zbog togasu latencija i faktor realnog vremena veoma korisne metrike prilikom evaluacije ovakvi sistema.
base,36,36govornik1.wav,govornik1,veoma_dugi,69.01,10.83,0.1569,0.5154,51.54,"Savremeni sistemi za automatsko prepoznavanje govora imaju veliki broj praktičnih primena. Mogu se koristiti za automatsko pravljenje transkripata sastanaka, generisanje titlova, glasovne asistente, pretragu multimedijalnog sadržaja i poboljšanje pristupačnosti digitalnih sistema. Ipak, kvalitet njihovog rada zavisi od velikog broja faktora. Govornici imaju različite glasove, akcente i brzine govora, dok snimci mogu nastati korišćenjem različitih mikrofona i u različitim prostorijama. Dodatni problem predstavlja pozadinski šum. Sistem koji veoma dobro radi u tihoj prostoriji ne mora da postigne isti rezultat na ulici ili u automobilu. Zbog toga evaluacija sistema ne bi trebalo da bude zasnovana na samo jednom zvučnom zapisu. Potrebno je koristiti više govornika, različite dužine snimaka i različite uslove. Pored tačnosti transkripcije, važno je analizirati vreme izvršavanja, potrošnju memorije i sposobnost sistema da obrađuje zvuk dovoljno brzo za praktičnu primenu.","Savrimini sistemi za otomacko prepoznavenja govara imaju velik broje praktičnih primena. Mogu se koristiti za otomacko pravnje transkripeta, sastanka, generisanje titlova, glasov neasistente, pretregu multimelijalno-k sadrgeja i pobošanje pristopačnosti digitalnih sistema. Ipak kvalitet njihovo grada zavisi od velikog broje faktor. Gornici imivra, razečite glasovje, akcente i brzine govora. Dok snimci mogu nasati koristijenjem račiti mikrofoni i u razečitim prostorijem. Dolatnim problem predstavlja pozadinski šum, sistem koji veoma dobro radi u tihvi prostoriji, nemora da postivni isti rezultat na ulici i utomu bilo. Zbog toga, evalulacije sistema nebi trevalo da bude zastomana na samo jednom zvušnom zapisu. Potranome korisiti više govornika, razečite tuži ne snimaka i razečite ustlje. Poretaršnosti zreskripsije važne analizirati vremi izvršavanja. Potrošnju memoria isposobno sistema da obradio je zvuku dovoljno brazo za praktičnu primenu."
base,37,37govornik2.wav,govornik2,veoma_dugi,82.43,11.46,0.139,0.305,30.5,"Kada govorimo o performansama modela za prepoznavanje govora, postoje dve različite stvari koje želimo da postignemo. Prva je što tačniji transkript, a druga što efikasnije izvršavanje. Veći model može bolje da prepozna komplikovane rečenice ili govor u težim uslovima, ali istovremeno može zahtevati mnogo više memorije i vremena. Manji model može biti nešto manje precizan, ali dovoljno brz da se koristi na običnom laptopu. Kvantizacija predstavlja još jedan način optimizacije jer omogućava korišćenje numeričkog formata manje preciznosti. Time se može smanjiti količina potrebne memorije i ubrzati obrada. Međutim, svaka optimizacija mora da bude eksperimentalno proverena. Nije dovoljno pokazati da je jedna konfiguracija brža. Potrebno je proveriti i da li je njena tačnost ostala prihvatljiva. Upravo zato se koriste metrike kao što su Word Error Rate, latencija i Real-Time Factor, koje omogućavaju da različite konfiguracije modela budu upoređene na objektivan način.","Kada govorimo o performansama modela za prepoznavanje govora, postoje dve različite stvari koje želimo da postignemo. Prvaj je što tačni i transcript, a druge što efikasni je izvršalani. Veći model može bolje da prepozna komplikovane rečenice i li govor u težim uslojima, ali isto vremeno može za vtevati mnogo više memoria i vremena. Mani model može biti nešto manje precizan, ali dovoljno brz da se koristi na običnom laptopu. Quantizacija prestavlja još jedan načim optimizacije jer omogućava korištjenje numeričkok formata manje preciznosti. Time se može smanjeti količina potrebne memoria i ubrzati obrada. Medjutim, svaka optimizacija mora da bude eksperimentalno proverena. Mi je dovoljno pokazati da je jedna konfiguracija brża. Potrebno je proveriti da lijenje na tačnost ostala prihvatljiva. Uprvo za to se koriste metrike kao što su vort error, rat, latencija i real team, faktor koju omogučavaju da različite konfiguracije modela budu upoređene na objektiva načim."
base,38,38govornik2.wav,govornik2,veoma_dugi,64.46,9.284,0.144,0.2555,25.55,"Prošle nedelje imao sam prilično ispunjen dan. Ujutru sam ustao ranije jer sam morao da završim nekoliko obaveza pre odlaska u grad. Posle doručka proverio sam poruke, pripremio stvari koje su mi bile potrebne i krenuo automobilom. Na putu je bilo više saobraćaja nego što sam očekivao, pa mi je trebalo skoro pola sata da stignem do centra. Prvo sam otišao do prodavnice, zatim do banke, a nakon toga sam se našao sa prijateljem kojeg nisam video nekoliko meseci. Razgovarali smo o poslu, putovanjima i planovima za narednu godinu. Posle ručka vreme se iznenada promenilo i počela je jaka kiša. Sačekali smo nekoliko minuta da se vreme malo smiri, a onda smo krenuli kući. Kada sam se vratio, nastavio sam da radim na računaru. Uveče sam završio preostale obaveze i odlučio da ostatak dana provedem odmarajući se.","Prošle nedelje imao sam prilično izpunjen dan. U jutru sam ustao rani je, jer sam morao da završim nekoliko obave za pre odlaska ugrad. Posli doručka proverijo sam poruke, pripremijo stvari koji su mi bile potrebne i krenu automobilo. Na putu je bilo više sa abraće, nego što sam očekivao, pa mi je trebalo skoro pola sata do stivnem do centra. Prvo sam otišao do prodavnice, zatim do bankje, a nakon toga sam se našao sa prijetili koje gni sam video nekoliko mesici. Rozgovarali smo o poslu putovanjima i planovima za narednu godinu. Posli ručka, vreme se iznena da promenilo i počela je jaka kiša. Sačekali smo nekoliko minuta da se vreme malo smiri, a onda smo krenu li kući. Kada sam se vratio, nastavio sam da radim na racunaru. Uviče sam zavrošio preostale obavese i odlučio da ostatak dana, provedem odmarajući se."
base,39,39govornik3.wav,govornik3,veoma_dugi,62.61,10.964,0.1751,0.4173,41.73,"Sistem koji obrađuje govor u realnom vremenu mora da rešava nešto drugačiji problem od sistema koji dobije kompletan audio zapis. Kod klasične transkripcije model može da dobije čitav snimak i zatim ga obradi. Kod realnog vremena zvuk neprestano pristiže, pa ga je potrebno podeliti na manje delove. Ako koristimo veoma kratke segmente, sistem može brzo da prikaže rezultat, ali model ima manje konteksta za pravilno prepoznavanje rečenice. Sa druge strane, ako koristimo duge segmente, model dobija više konteksta, ali korisnik mora duže da čeka na rezultat. Zbog toga izbor veličine segmenta predstavlja kompromis između latencije i kvaliteta transkripcije. Na primer, mogu se uporediti segmenti od dve, pet i deset sekundi. Za svaku konfiguraciju moguće je izmeriti vreme obrade, faktor realnog vremena i tačnost konačnog transkripta. Takav eksperiment omogućava da se utvrdi koja konfiguracija predstavlja najbolji kompromis za praktičan sistem.","Sistim koji obrađu goju realno-vremenu mora da rešava nešto drugači i provimo sistema koji dobije kompleta na odio zapis. Kod klasišne transkrypcije model može da dobije čito snimak i zatim koji obradi. Kod realno-vremena zvuk neprostavno prestiže pa ga je potrebno podeliti na manje delove. A ko koristimo veamo kredke segmente, siste može brzo da prikajže rezultat, ale model ima manje konteksta zapraveno pripoznavania rečenice. Sa drugi stranje ko koristimo duga segmente model dobija više konteksta, ali koristik mora duže da čekan rezultat. Zbog toga izboruje u činja segmenta, prestavija kompromis izmiđu latencije i kvaliteta transkrypcije. Na primer mogu se oporijite segmenti od 2-5-10 sekundi. Da svaku konfiguraciju moguće izmeriti vreme obradi faktor realno-vremena i tašnos konošno-transkrypta. Tako je eksperimento mogućalo da se utvrdi koja konfiguracija prestavija najbolji kompromis za praktičan sistem."
base,40,40govornik3.wav,govornik3,veoma_dugi,79.77,12.149,0.1523,0.4328,43.28,"Cilj eksperimentalne analize sistema za automatsko prepoznavanje govora jeste da se utvrdi kako različiti faktori utiču na njegov rad. Možemo menjati veličinu modela, nivo pozadinskog šuma, jezik govornika, parametre dekodiranja, način kvantizacije ili korišćenje algoritma za detekciju govora. Svaki eksperiment treba organizovati tako da možemo jasno da utvrdimo posledice određene promene. Rezultati se zatim mogu posmatrati kroz više metrika. Word Error Rate pokazuje koliko se prepoznati tekst razlikuje od tačnog referentnog transkripta. Latencija pokazuje koliko vremena je potrebno za obradu, dok Real-Time Factor povezuje vreme obrade sa trajanjem samog zvučnog zapisa. Potrošnja memorije je posebno značajna kada model treba da radi na uređajima sa ograničenim resursima. Kombinovanjem ovih rezultata možemo da pronađemo konfiguraciju koja ne mora biti najbolja prema svakoj pojedinačnoj metrici, ali predstavlja dobar kompromis između tačnosti, brzine i potrebnih računarskih resursa.","Cijil eksperimentalna analizji sistema z automatiskopropoznavajne govora je ste da se otvrdi kako razliši tifaktori u ticu na njegovrad. Možemo menjati vjeročinu modela, nivo pozadinskog šuma, jezi govornika, parametre dekodiraja, način quantizacije ili korišćenja algoritma za detekciju govora. Svaki eksperiment treba organizoti tako da možemo jasno da otvrdimo posledice od ređene promene. Resultati se zatim mogu posmatrati kroz više metrika. Vore Error Rate pokazuje, koliko se prepoznaći tek se razlikuju otasno referentno transkripta. Latenci je pokazuje, koliko vremeno je potrebno za obradu, dok real-time faktor povezuje vreme obrade sa tranjem samog zvušnog zapisa. Potrošnjeme mori je posivno značenja, kada modela treba da radi na urodjima sa ogranićenima resursima. Kombinujem ovih rezultata možemo da pronadjemo o konfiguraciju koja ne moja robite najbolja prema, sva koji podinešno metrici, ali prestavlja dober kompromist izmiju tačnosti brzine i potrebnih resursa."
small,1,1govornik1.wav,govornik1,kratki,7.6,3.405,0.4478,0.1538,15.38,Veštačka inteligencija omogućava računarima da rešavaju složene probleme i analiziraju velike količine podataka.,Veštočka inteligencija omugućeva računarima da rešavaju složene probleme i analiziraju velike količine podataka.
small,2,2govornik1.wav,govornik1,kratki,6.78,3.216,0.4744,0.0714,7.14,Automatsko prepoznavanje govora pretvara izgovorene reči u tekst koji računar može dalje da obrađuje.,Automatsko prepoznavanje govora pretvara izgovorene reči u tekst koji računar može dalje da obradjuje.
small,3,3govornik1.wav,govornik1,kratki,5.83,3.152,0.5409,0.2,20.0,"Danas je veoma prijatan dan, pa smo odlučili da prošetamo kroz centar grada posle ručka.","Dana si je veoma prijetan dan, pa smo odlučili da prošetamo kroz centar grada posle ručka."
small,4,4govornik1.wav,govornik1,kratki,7.29,3.619,0.4964,0.2143,21.43,"Novi računari imaju brže procesore, više memorije i znatno bolje performanse nego prethodne generacije.","Novi računari imaju brze procesore, više memorije i znatno bolje performanse nego pred korne generacije."
small,5,5govornik2.wav,govornik2,kratki,9.33,3.751,0.4018,0.1333,13.33,Mašinsko učenje koristi podatke kako bi model naučio da prepoznaje obrasce i donosi odgovarajuće odluke.,Mašinsko učinje koristi podatke kako bi model naučio da prepoznaje obrazce i donosi odgovarajuće odluke.
small,11,11govornik1.wav,govornik1,srednji,16.46,5.65,0.3432,0.1613,16.13,"Savremeni sistemi za automatsko prepoznavanje govora koriste duboke neuronske mreže kako bi analizirali zvučni signal i pretvorili ga u tekst. Njihova tačnost zavisi od modela, kvaliteta snimka, jezika i karakteristika govornika.","Savrmini sistemi za automatsko prepoznavanje govora koriste duke neuronske mreže kako bi analizirali zvučnj signal i pretvorili ga u tekst. Njihova tačno zavisti od modela, kvaliteta snimka, jezika i karakteristika govornika."
small,12,12govornik1.wav,govornik1,srednji,12.72,4.859,0.3819,0.2903,29.03,"Juče sam krenuo do grada nešto ranije nego obično. Na ulicama nije bilo mnogo ljudi, pa sam brzo završio sve obaveze. Nakon toga sam seo u obližnji kafić i sačekao prijatelja.","Juče sam krenuo do grada nešto rane je nego obično, na ulicama nije bilo mnogo ljudi pa sam brzo završiva sve oba veze, nakon toga sam se u obližnji kafiđ i se čekao prijatelja."
small,13,13govornik1.wav,govornik1,srednji,15.08,4.762,0.3158,0.2759,27.59,Whisper je model za automatsko prepoznavanje govora koji može da radi sa velikim brojem jezika. Faster-Whisper koristi optimizovanu implementaciju koja omogućava efikasnije izvršavanje i manju potrošnju računarskih resursa.,"Visper je moda za automatsko prepoznavanje govora, koji može da radi sa velikim brojem ljezika. Faster Visper koristi optimizovanu implementaciju kojoj mogućeva efikastni izvršavanje i manju potrošnju računerskih resursa."
small,14,14govornik1.wav,govornik1,srednji,15.6,5.19,0.3326,0.2759,27.59,"Kada razgovaramo u tihoj prostoriji, sistem uglavnom može veoma jasno da prepozna izgovorene reči. Međutim, saobraćaj, muzika, razgovor drugih ljudi i različiti izvori šuma mogu značajno da otežaju transkripciju.","Kada razgovoramo u tihvi prostori, sistemu glavno može veoma jasno da prepozna izgovorene reči. Međutim, saobraćaj, muzika, razgovor, drugih ljudi i različit izvori šuma mogu značajno da otežuju transkrypciju."
small,15,15govornik1.wav,govornik1,srednji,17.43,5.589,0.3207,0.3571,35.71,"Tokom razvoja softverske aplikacije programeri prvo analiziraju zahteve korisnika, zatim projektuju sistem i implementiraju potrebne funkcionalnosti. Nakon toga slede testiranje, ispravljanje grešaka i postavljanje aplikacije u produkciono okruženje.","Tokom razvoja software-ske aplikacije progameri prvo analiziraju zahteve korisnjika, zatim projektuju sistem implementiraju potrme funkcionalnosti. Nakon toga slade testiranje, ispravljanje grešaka i postavljanje aplikaciju produkcionu okruženje."
small,26,26govornik1.wav,govornik1,dugi,31.09,11.962,0.3847,0.1897,18.97,"Automatsko prepoznavanje govora predstavlja oblast veštačke inteligencije koja se bavi pretvaranjem zvučnog signala u tekst. Savremeni sistemi koriste modele dubokog učenja koji mogu da analiziraju kompleksne karakteristike ljudskog govora. Njihove performanse mogu da zavise od jezika, kvaliteta mikrofona, prisustva pozadinskog šuma, brzine govora i karakteristika samog govornika. Zbog toga je prilikom evaluacije važno koristiti različite vrste zvučnih zapisa.","Automatsko prepoznavanje govora predstavlja oblast veštačke inteligencije koje se bavi pretvarajem zvušnog signala u tekst. Savremini sistemi koriste modele dubokog učenja koji mogu da analiziraju kompleksne karakteristike ljudsko govor. Njihove performanse mogu da zavise od jezika, kvaliteta mikrofona, prisusa pozadinskog šuma, brzine govora i karakteristike samo govornika. Zbog toga je prilikom evaluacije važno koristiti razđete vrste zvučnik zapisa."
small,27,27govornik1.wav,govornik1,dugi,27.46,8.949,0.3259,0.1935,19.35,"Jednog jutra krenuo sam automobilom prema gradu nešto ranije nego obično. Saobraćaj je u početku bio veoma slab, ali se približavanjem centru broj vozila postepeno povećavao. Dok sam čekao na semaforu, na radiju su govorili o vremenskoj prognozi za narednih nekoliko dana. Najavljeno je sunčano vreme, ali i mogućnost kratkotrajne kiše tokom vikenda. Kada sam stigao, parkirao sam automobil i nastavio pešice.","Jednog djutra krenuo sam automobilom prema gradu nešto rani je nego obično. Saubreći je u početku bio veoma slab, ali se približavanjem centru broj vozila postepeno povećavao. Dok sam čekao na semaforu na radiju, su govorili o vremenskoj prognozi za narenih nekoliko dana. Najavljenu je sunčano vreme, ali i mogušno skratko trajnik iše tokom weekenda. Kada sam stigao, parkirio sam automobil i nastavio pešice."
small,28,28govornik1.wav,govornik1,dugi,30.7,11.917,0.3882,0.2857,28.57,"Whisper postoji u više veličina modela, od veoma malih do znatno većih modela. Manji modeli zahtevaju manje memorije i uglavnom omogućavaju bržu transkripciju, dok veći modeli mogu da pruže veću tačnost u zahtevnijim uslovima. Zbog toga izbor modela predstavlja kompromis između kvaliteta transkripcije i potrebnih računarskih resursa. Taj kompromis je posebno važan kada se sistem izvršava na običnom računaru bez snažne grafičke kartice.","Višprt postoji u više ve ličina modela, odvejama malih do znatno većih modela, manji modeli zahtevaju manje memorije i u glavnom ugoćavaju bržu transkrypciju, dok veći modeli mogu da pruže veći u tačnostu za htivnim uslovima. Zbog toga izbor modela prestavlja kompromis između kvaliteta transkrypcija i potrebnih računarskih resursa. Taj kompromis je posebno važan kada se sistem izvršava na običnom računaru pesnažne grafičke kartice."
small,29,29govornik2.wav,govornik2,dugi,34.97,10.876,0.311,0.1639,16.39,"Pozadinski šum predstavlja jedan od najčešćih problema kod sistema za automatsko prepoznavanje govora. U realnom okruženju mikrofon ne snima samo glas osobe već i zvuk automobila, ventilatora, drugih ljudi ili muzike. Ako je govor dovoljno snažan u odnosu na šum, transkripcija može ostati veoma dobra. Međutim, kada se odnos signala i šuma smanjuje, broj pogrešno prepoznatih reči uglavnom počinje da raste.","Pozidenski šum prestavlja jedan od najčešćih problema kojeg sistema za automatsko prepoznavanje govora. U relnom okruženju mikrofon ne snima samo glas osobe već izvuk automobila, ventilatora, drugih ljudi ili muzike. Ako je govor dovoljno snažan u odnosu na šum, transkrypcija može ostati veoma dobra. Međutim, kada se odnos signala i šuma smanjuje, broj pogrešno prepoznatih reći u glavnom počinje da raste."
small,30,30govornik2.wav,govornik2,dugi,37.76,12.172,0.3224,0.0476,4.76,"Kada razvijamo sistem koji treba da radi u realnom vremenu, nije dovoljno posmatrati samo njegovu tačnost. Potrebno je analizirati koliko vremena modelu treba da obradi određenu količinu zvuka. Ako obrada pet sekundi govora traje kraće od pet sekundi, sistem potencijalno može da prati govor bez stalnog povećavanja kašnjenja. Zbog toga su latencija i faktor realnog vremena veoma korisne metrike prilikom evaluacije ovakvih sistema.","Kada razvijamo sistem koji treba da radi u realnom vremenu, nije dovoljno posmatrati samo njegovu tačnost. Potrebno analizirati koliko vremena modelu treba da obradi određenu količinu zvuka. Ako obrada, 5 sekundi govora traje kraće, od 5 sekundi sistem potencijalno može da prati govor bez stalnog povećavanja kašnjenja. Zbog toga su latencija i faktor realnog vremena veoma korisne metrike prilikom evaluacije ovakvih sistema."
small,36,36govornik1.wav,govornik1,veoma_dugi,69.01,31.294,0.4535,0.2692,26.92,"Savremeni sistemi za automatsko prepoznavanje govora imaju veliki broj praktičnih primena. Mogu se koristiti za automatsko pravljenje transkripata sastanaka, generisanje titlova, glasovne asistente, pretragu multimedijalnog sadržaja i poboljšanje pristupačnosti digitalnih sistema. Ipak, kvalitet njihovog rada zavisi od velikog broja faktora. Govornici imaju različite glasove, akcente i brzine govora, dok snimci mogu nastati korišćenjem različitih mikrofona i u različitim prostorijama. Dodatni problem predstavlja pozadinski šum. Sistem koji veoma dobro radi u tihoj prostoriji ne mora da postigne isti rezultat na ulici ili u automobilu. Zbog toga evaluacija sistema ne bi trebalo da bude zasnovana na samo jednom zvučnom zapisu. Potrebno je koristiti više govornika, različite dužine snimaka i različite uslove. Pored tačnosti transkripcije, važno je analizirati vreme izvršavanja, potrošnju memorije i sposobnost sistema da obrađuje zvuk dovoljno brzo za praktičnu primenu.","Savrmini sistemi za automatsko prepoznavanje govora imaju velik broj praktičnih primena. Mogu se koristiti za automatsko pravidnje transcripata, sastanka, generisanje titlova, glasovne asistente, pretrago multimerijelnog sadržaja i pobošanje pristupačnosti digitalnih sistema. Ipak kvalitet njihovo grada zavisi od velikog broje faktora. Govornic imaju različite glasove, asistente i brzine govora. Dok snimci mogu nastati korišnjem račitih mikrofone i u različitim prostorijama. Dolatni problem predstavlja pozadinski šum, sistem koji veoma dobro radi u tihvoj prostoriji nemora da postignisti rezultat na ulici i u automobilu. Zbog toga, evaluacija sistema ne bi trebalo da bude zastvena na samo jednom zvušnom zapisu. Potrebno je korisiti više govornika, različite tužine snimaka i različite uslove. Pored tarčnosti z reskripsije važno je analizirati vremi izvršavanja. Potrošnju memorije i sposobno sistema da obradju je zvuku dovoljno brzo za praktičnu primenu."
small,37,37govornik2.wav,govornik2,veoma_dugi,82.43,32.923,0.3994,0.0993,9.93,"Kada govorimo o performansama modela za prepoznavanje govora, postoje dve različite stvari koje želimo da postignemo. Prva je što tačniji transkript, a druga što efikasnije izvršavanje. Veći model može bolje da prepozna komplikovane rečenice ili govor u težim uslovima, ali istovremeno može zahtevati mnogo više memorije i vremena. Manji model može biti nešto manje precizan, ali dovoljno brz da se koristi na običnom laptopu. Kvantizacija predstavlja još jedan način optimizacije jer omogućava korišćenje numeričkog formata manje preciznosti. Time se može smanjiti količina potrebne memorije i ubrzati obrada. Međutim, svaka optimizacija mora da bude eksperimentalno proverena. Nije dovoljno pokazati da je jedna konfiguracija brža. Potrebno je proveriti i da li je njena tačnost ostala prihvatljiva. Upravo zato se koriste metrike kao što su Word Error Rate, latencija i Real-Time Factor, koje omogućavaju da različite konfiguracije modela budu upoređene na objektivan način.","Kada govorimo o performansama modela za prepoznavanje govora, postoji dve različite stvari koje želimo da postignemo. Prva je što tačniji transcript, a druga što efikasnije izvršavanje. Veći model može bolje da prepozna komplikovanje rečenice ili govor u težim uslovima, ali istovremeno može zahtevati mnogo više memorije i vremena. Manji model može biti nešto manje precizan, ali dovoljno brz da se koristi na običnom laptopu. Quantizacija prestavlja još jedan način optimizacije, jer omogućava korišćenje numeričkog formata manje preciznosti. Time se može smanjiti količina potrebne memorije i ubrzati obrada. Međutim svaka optimizacija mora da bude eksperimentalno proverena. Mi je dovoljno pokazati da je jedna konfiguracija brža. Potrebno je proveriti da li je njena tačnost ostala prihvatljiva. Upravo zato se koriste metrike kao što su word error, rat, latencia i real team, faktor koje omogućavaju da različite konfiguracije modela budu uporedjene na objektiva način."
small,38,38govornik2.wav,govornik2,veoma_dugi,64.46,23.576,0.3658,0.0803,8.03,"Prošle nedelje imao sam prilično ispunjen dan. Ujutru sam ustao ranije jer sam morao da završim nekoliko obaveza pre odlaska u grad. Posle doručka proverio sam poruke, pripremio stvari koje su mi bile potrebne i krenuo automobilom. Na putu je bilo više saobraćaja nego što sam očekivao, pa mi je trebalo skoro pola sata da stignem do centra. Prvo sam otišao do prodavnice, zatim do banke, a nakon toga sam se našao sa prijateljem kojeg nisam video nekoliko meseci. Razgovarali smo o poslu, putovanjima i planovima za narednu godinu. Posle ručka vreme se iznenada promenilo i počela je jaka kiša. Sačekali smo nekoliko minuta da se vreme malo smiri, a onda smo krenuli kući. Kada sam se vratio, nastavio sam da radim na računaru. Uveče sam završio preostale obaveze i odlučio da ostatak dana provedem odmarajući se.","Prošle nedelje imao sam prilično ispunjen dan. Ujutru sam ustao ranije jer sam morao da završim nekoliko obave za pre-odlaska u grad. Posli doručka proverio sam poruke pripremio stvari koje su mi bile potrebne i krenuo automobilom. Na putu je bilo više saobraće nego što sam očekivao, pa mi je trebalo skoro pola sata da stignem do centra. Prvo sam otišao do prodavnice, zatim do bankje, a nakon toga sam se našao sa prijatelj koeg nisam video nekoliko meseci. Razgovarali smo o poslu, putovanjima i planovima za narednu godinu. Posli ručka, vreme se iznena da promenilo i počela je jaka kiša. Sačekali smo nekoliko minuta da se vreme malo smiri, a onda smo krenuli kući. Kada sam se vratio nastavio sam da radim na racunaru. Uveče sam završio preostale obaveze i odlučio da ostatak dana provedem odmarajući se."
small,39,39govornik3.wav,govornik3,veoma_dugi,62.61,26.968,0.4307,0.3094,30.94,"Sistem koji obrađuje govor u realnom vremenu mora da rešava nešto drugačiji problem od sistema koji dobije kompletan audio zapis. Kod klasične transkripcije model može da dobije čitav snimak i zatim ga obradi. Kod realnog vremena zvuk neprestano pristiže, pa ga je potrebno podeliti na manje delove. Ako koristimo veoma kratke segmente, sistem može brzo da prikaže rezultat, ali model ima manje konteksta za pravilno prepoznavanje rečenice. Sa druge strane, ako koristimo duge segmente, model dobija više konteksta, ali korisnik mora duže da čeka na rezultat. Zbog toga izbor veličine segmenta predstavlja kompromis između latencije i kvaliteta transkripcije. Na primer, mogu se uporediti segmenti od dve, pet i deset sekundi. Za svaku konfiguraciju moguće je izmeriti vreme obrade, faktor realnog vremena i tačnost konačnog transkripta. Takav eksperiment omogućava da se utvrdi koja konfiguracija predstavlja najbolji kompromis za praktičan sistem.","Sistem koju je obradio goju u realnom vremenu mora da rešava nešto drugači i probujemo sistema koji dobije kompleta na odiju zapis. Koj klasične transkrypcije, model može da dobije čitostnimak i zatim ga obradi. Koj u realnog vremena zvuk neprastano prestiže, pa ga je potrebno podelite na manje delove. Ako koristimo vevamo kratke segmente, sistem može brzo da prikaže rezultat, ali model ima manje kontekst za pravimo prepoznavanje rečenice. Sa druge strane, ako koristimo duge segmente, model dobija više konteksta, ali koristik mora duže da čeka na rezultat. Zbog toga izbor veđučina segmenta prestavlja kompromis između kvaliteta transkrypcije. Na primer mogu se uporaviti segmenti od 2-5-10 sekundi. Za svaku konfiguraciju moguće izmeriti vreme obrade faktu realnog vremena i tašno konočnog transkrypta. Tako experimento mogućava da se otvrdi koja konfiguracija prestavlja najbolji kompromis za praktičan sistem."
small,40,40govornik3.wav,govornik3,veoma_dugi,79.77,30.043,0.3766,0.2313,23.13,"Cilj eksperimentalne analize sistema za automatsko prepoznavanje govora jeste da se utvrdi kako različiti faktori utiču na njegov rad. Možemo menjati veličinu modela, nivo pozadinskog šuma, jezik govornika, parametre dekodiranja, način kvantizacije ili korišćenje algoritma za detekciju govora. Svaki eksperiment treba organizovati tako da možemo jasno da utvrdimo posledice određene promene. Rezultati se zatim mogu posmatrati kroz više metrika. Word Error Rate pokazuje koliko se prepoznati tekst razlikuje od tačnog referentnog transkripta. Latencija pokazuje koliko vremena je potrebno za obradu, dok Real-Time Factor povezuje vreme obrade sa trajanjem samog zvučnog zapisa. Potrošnja memorije je posebno značajna kada model treba da radi na uređajima sa ograničenim resursima. Kombinovanjem ovih rezultata možemo da pronađemo konfiguraciju koja ne mora biti najbolja prema svakoj pojedinačnoj metrici, ali predstavlja dobar kompromis između tačnosti, brzine i potrebnih računarskih resursa.","Cilj eksperimenta na analizi sistema zautomatiskoj prepoznavanje govora je ste da se otvrdi kako različiti faktori otiču na njegov rad. Možemo menjati verčinu modela, nivo pozadinskog šuma, jezi govornika, parametre, dekodiranja, način, kvantizacije ili korišćenja algoritma za detekciju govora. Svaki eksperiment treba organizoti tako da možemo jasno da otvrdimo posledice određene promene. Resultati se zatim mogu posmatrati kroz više metrika. Vor error rate pokazuje koliko se prepoznati tek se razlikuje o tačnog referentnog transcripta. Latencija pokazuje koliko vremena je potrebno za obradu dok real time factor povezuje vreme obrade sa trajanjem samog zblušnog zapisa. Potrošnja memoria je posebno značena kada model treba da radi na uruđemo sa ograničenim resursima. Kombinovanje ovih rezultata možemo da propronađemo konfiguraciju koja ne mora biti najbolja prema svakove podinačnoj metrici, ali prestavlja dobar kompromis izmenju tačnosti, brzine i potrebnih resursa."
medium,1,1govornik1.wav,govornik1,kratki,7.6,9.35,1.2295,0.0,0.0,Veštačka inteligencija omogućava računarima da rešavaju složene probleme i analiziraju velike količine podataka.,Veštačka inteligencija omogućava računarima da rešavaju složene probleme i analiziraju velike količine podataka.
medium,2,2govornik1.wav,govornik1,kratki,6.78,8.814,1.3,0.0,0.0,Automatsko prepoznavanje govora pretvara izgovorene reči u tekst koji računar može dalje da obrađuje.,Automatsko prepoznavanje govora pretvara izgovorene reči u tekst koji računar može dalje da obrađuje.
medium,3,3govornik1.wav,govornik1,kratki,5.83,8.286,1.4216,0.0667,6.67,"Danas je veoma prijatan dan, pa smo odlučili da prošetamo kroz centar grada posle ručka.","Danas je veoma prijetan dan, pa smo odlučili da prošetamo kroz centar grada posle ručka."
medium,4,4govornik1.wav,govornik1,kratki,7.29,8.383,1.1497,0.2143,21.43,"Novi računari imaju brže procesore, više memorije i znatno bolje performanse nego prethodne generacije.","Novi računari imaju brze procesore, više memorije i znatno bolje performance nego prethorne generacije."
medium,5,5govornik2.wav,govornik2,kratki,9.33,8.947,0.9584,0.1333,13.33,Mašinsko učenje koristi podatke kako bi model naučio da prepoznaje obrasce i donosi odgovarajuće odluke.,Mašinsko učinje koristi podatke kako bi model naučio da prepoznaje obrazce i donosi odgovarajuće odluke.
medium,11,11govornik1.wav,govornik1,srednji,16.46,13.001,0.7897,0.0968,9.68,"Savremeni sistemi za automatsko prepoznavanje govora koriste duboke neuronske mreže kako bi analizirali zvučni signal i pretvorili ga u tekst. Njihova tačnost zavisi od modela, kvaliteta snimka, jezika i karakteristika govornika.","Savremeni sistemi za automatsko prepoznavanje govora koriste dugoke neuronske mreže kako bi analizirali zvučni signal i pretvorili ga u tekst. Njihova tačno zavisti od modela, kvaliteta snimka, jezika i karakteristika govornika."
medium,12,12govornik1.wav,govornik1,srednji,12.72,12.662,0.9951,0.0,0.0,"Juče sam krenuo do grada nešto ranije nego obično. Na ulicama nije bilo mnogo ljudi, pa sam brzo završio sve obaveze. Nakon toga sam seo u obližnji kafić i sačekao prijatelja.","Juče sam krenuo do grada nešto ranije nego obično, na ulicama nije bilo mnogo ljudi, pa sam brzo završio sve obaveze. Nakon toga sam seo u obližnji kafić i sačekao prijatelja."
medium,13,13govornik1.wav,govornik1,srednji,15.08,13.219,0.8765,0.1724,17.24,Whisper je model za automatsko prepoznavanje govora koji može da radi sa velikim brojem jezika. Faster-Whisper koristi optimizovanu implementaciju koja omogućava efikasnije izvršavanje i manju potrošnju računarskih resursa.,"Višper je moda za automatsko prepoznavanje govora, koji može da radi sa verikim brojem jezika. Faster Višper koristi optimizovanu implementaciju koju omogućava efikasnije izvršavanje i manju potrošnju računarskih resursa."
medium,14,14govornik1.wav,govornik1,srednji,15.6,14.414,0.9238,0.1379,13.79,"Kada razgovaramo u tihoj prostoriji, sistem uglavnom može veoma jasno da prepozna izgovorene reči. Međutim, saobraćaj, muzika, razgovor drugih ljudi i različiti izvori šuma mogu značajno da otežaju transkripciju.","Kada razgovoramo u tihvoj prostoriji, sistem uglavnom može veoma jasno da prepozna izgovorene reči. Međutim, saobraćaj, muzika, razgovor drugih ljudi i različiti izvori šuma mogu značajno da otežuju transkriptiju."
medium,15,15govornik1.wav,govornik1,srednji,17.43,13.675,0.7847,0.2143,21.43,"Tokom razvoja softverske aplikacije programeri prvo analiziraju zahteve korisnika, zatim projektuju sistem i implementiraju potrebne funkcionalnosti. Nakon toga slede testiranje, ispravljanje grešaka i postavljanje aplikacije u produkciono okruženje.","Tokom razvoja software-ske aplikacije, programmeri prvo analiziraju zahteve korisnjaka, zatim projektuju sistem i implementiraju potreme funkcionalnosti. Nakon toga slede testiranje, ispravljanje grešaka i postavljanje aplikacije o produkciono okruženje."
medium,26,26govornik1.wav,govornik1,dugi,31.09,32.422,1.0428,0.1034,10.34,"Automatsko prepoznavanje govora predstavlja oblast veštačke inteligencije koja se bavi pretvaranjem zvučnog signala u tekst. Savremeni sistemi koriste modele dubokog učenja koji mogu da analiziraju kompleksne karakteristike ljudskog govora. Njihove performanse mogu da zavise od jezika, kvaliteta mikrofona, prisustva pozadinskog šuma, brzine govora i karakteristika samog govornika. Zbog toga je prilikom evaluacije važno koristiti različite vrste zvučnih zapisa.","Automatsko prepoznavanje govora predstavlja oblast sveštačke inteligencije koje se bavi pretvaranjem zvučnog signala u tekst. Savremeni sistemi koriste modele dubokog učenja koji mogu da analiziraju kompleksne karakteristike ljudskog govora. Njihove performance mogu da zavise od jezika, kvaliteta mikrofona, prisusva pozadinskog šuma, brzine govora i karakteristike samo govornika. Zbog toga je prilikom evaluacije važno koristiti različite vrste zvučnih zapisa."
medium,27,27govornik1.wav,govornik1,dugi,27.46,22.61,0.8234,0.0484,4.84,"Jednog jutra krenuo sam automobilom prema gradu nešto ranije nego obično. Saobraćaj je u početku bio veoma slab, ali se približavanjem centru broj vozila postepeno povećavao. Dok sam čekao na semaforu, na radiju su govorili o vremenskoj prognozi za narednih nekoliko dana. Najavljeno je sunčano vreme, ali i mogućnost kratkotrajne kiše tokom vikenda. Kada sam stigao, parkirao sam automobil i nastavio pešice.","Jednog jutra krenuo sam automobilom prema gradu nešto ranije nego obično. Saobrać je u početku bio veoma slab, ali se približavanjem centru broj vozila postepeno povećavao. Dok sam čekao na semaforu na radio su govorili o vremenskoj prognozi za narenih nekoliko dana. Najavljeno je sunčano vreme, ali i mogućnost kratkotrajne kiše tokom vikenda. Kada sam stigao, parkirao sam automobil i nastavio pešice."
medium,28,28govornik1.wav,govornik1,dugi,30.7,35.085,1.143,0.0635,6.35,"Whisper postoji u više veličina modela, od veoma malih do znatno većih modela. Manji modeli zahtevaju manje memorije i uglavnom omogućavaju bržu transkripciju, dok veći modeli mogu da pruže veću tačnost u zahtevnijim uslovima. Zbog toga izbor modela predstavlja kompromis između kvaliteta transkripcije i potrebnih računarskih resursa. Taj kompromis je posebno važan kada se sistem izvršava na običnom računaru bez snažne grafičke kartice.","Višper postoji u više veličina modela, od veoma malih do znatno većih modela, manji modeli zahtevaju manje memorije i uglavnom ugućavaju bržu transkripsiju dok veći modeli mogu da pruže veću tačnost u zahtevnijim uslovima. Zbog toga izbor modela predstavlja kompromis između kvaliteta transkripsije i potrebnih računarskih resursa. Taj kompromis je posebno važan kada se sistem izvršava na običnom računaru bez snažne grafičke kartice."
medium,29,29govornik2.wav,govornik2,dugi,34.97,31.776,0.9087,0.0,0.0,"Pozadinski šum predstavlja jedan od najčešćih problema kod sistema za automatsko prepoznavanje govora. U realnom okruženju mikrofon ne snima samo glas osobe već i zvuk automobila, ventilatora, drugih ljudi ili muzike. Ako je govor dovoljno snažan u odnosu na šum, transkripcija može ostati veoma dobra. Međutim, kada se odnos signala i šuma smanjuje, broj pogrešno prepoznatih reči uglavnom počinje da raste.","Pozadinski šum predstavlja jedan od najčešćih problema kod sistema za automatsko prepoznavanje govora. U realnom okruženju mikrofon ne snima samo glas osobe već i zvuk automobila, ventilatora, drugih ljudi ili muzike. Ako je govor dovoljno snažan u odnosu na šum, transkripcija može ostati veoma dobra. Međutim, kada se odnos signala i šuma smanjuje, broj pogrešno prepoznatih reči uglavnom počinje da raste."
medium,30,30govornik2.wav,govornik2,dugi,37.76,31.08,0.8232,0.0476,4.76,"Kada razvijamo sistem koji treba da radi u realnom vremenu, nije dovoljno posmatrati samo njegovu tačnost. Potrebno je analizirati koliko vremena modelu treba da obradi određenu količinu zvuka. Ako obrada pet sekundi govora traje kraće od pet sekundi, sistem potencijalno može da prati govor bez stalnog povećavanja kašnjenja. Zbog toga su latencija i faktor realnog vremena veoma korisne metrike prilikom evaluacije ovakvih sistema.","Kada razvijamo sistem koji treba da radi u realnom vremenu, nije dovoljno posmatrati samo njegovu tačnost. Potrebno je analizirati koliko vremena modelu treba da obradi određenu kuličinu zvuka. Ako obrada 5 sekundi govora traje kraće, od 5 sekundi sistem potencijalno može da prati govor bez stalnog povećavanja kašnjenja. Zbog toga su latencija i faktor realnog vremena veoma korisne metrike prilikom evaluacije ovakvih sistema."
medium,36,36govornik1.wav,govornik1,veoma_dugi,69.01,102.448,1.4845,1.0,100.0,"Savremeni sistemi za automatsko prepoznavanje govora imaju veliki broj praktičnih primena. Mogu se koristiti za automatsko pravljenje transkripata sastanaka, generisanje titlova, glasovne asistente, pretragu multimedijalnog sadržaja i poboljšanje pristupačnosti digitalnih sistema. Ipak, kvalitet njihovog rada zavisi od velikog broja faktora. Govornici imaju različite glasove, akcente i brzine govora, dok snimci mogu nastati korišćenjem različitih mikrofona i u različitim prostorijama. Dodatni problem predstavlja pozadinski šum. Sistem koji veoma dobro radi u tihoj prostoriji ne mora da postigne isti rezultat na ulici ili u automobilu. Zbog toga evaluacija sistema ne bi trebalo da bude zasnovana na samo jednom zvučnom zapisu. Potrebno je koristiti više govornika, različite dužine snimaka i različite uslove. Pored tačnosti transkripcije, važno je analizirati vreme izvršavanja, potrošnju memorije i sposobnost sistema da obrađuje zvuk dovoljno brzo za praktičnu primenu.","Сабременни системи за автоматско препознавање говора имају велик број практичних примена. Могу се користити за автоматско прављање транскрипата, састанка, генеристање титлова, гласовне асистенте, претрагу мултимеријалног садржаја и побојшање приступаћности дигиталних система. Ипак, квалитет њиховог рада зависи од великог броја фактора. Говорници имају разаћите гласове, акценте и брзине говора. Дог снимци могу наслати коришење мраћитих микрофоне и у разаћитим просторијама. Долатни проблем представља позадински шум, систем који веома добро ради у тихој просторији не мора да постигне исти резултат на улици и у автомобилу. Због тога, евалуације система не би требало да буде заснована на само једном звушном запису. Потребно је коришећити више говорника, разаћите тужине снимака и разаћите условије. Поред тачности транскрипције, важно је анализирати време извршавања, потрошњу меморије и способна система да обрађује звук довольно брзо за практичну примену."
medium,37,37govornik2.wav,govornik2,veoma_dugi,82.43,81.692,0.991,0.0426,4.26,"Kada govorimo o performansama modela za prepoznavanje govora, postoje dve različite stvari koje želimo da postignemo. Prva je što tačniji transkript, a druga što efikasnije izvršavanje. Veći model može bolje da prepozna komplikovane rečenice ili govor u težim uslovima, ali istovremeno može zahtevati mnogo više memorije i vremena. Manji model može biti nešto manje precizan, ali dovoljno brz da se koristi na običnom laptopu. Kvantizacija predstavlja još jedan način optimizacije jer omogućava korišćenje numeričkog formata manje preciznosti. Time se može smanjiti količina potrebne memorije i ubrzati obrada. Međutim, svaka optimizacija mora da bude eksperimentalno proverena. Nije dovoljno pokazati da je jedna konfiguracija brža. Potrebno je proveriti i da li je njena tačnost ostala prihvatljiva. Upravo zato se koriste metrike kao što su Word Error Rate, latencija i Real-Time Factor, koje omogućavaju da različite konfiguracije modela budu upoređene na objektivan način.","Kada govorimo o performansama modela za prepoznavanje govora, postoje dve različite stvari koje želimo da postignemo. Prva je što tačniji transcript, a druga što efikasnije izvršavanje. Veći model može bolje da prepozna komplikovane rečenice ili govor u težim uslovima, ali istovremeno može zahtevati mnogo više memorije i vremena. Manji model može biti nešto manje precizan, ali dovoljno brz da se koristi na običnom laptopu. Kvantizacija predstavlja još jedan način optimizacije jer omogućava korišćenje numeričkog formata manje preciznosti. Time se može smanjiti količina potrebne memorije i ubrzati obrada. Međutim svaka optimizacija mora da bude eksperimentalno proverena. Nije dovoljno pokazati da je jedna konfiguracija brža, potrebno je proveriti da li je njena tačnost ostala prihvatljiva. Upravo zato se koriste metrike kao što su word error, rat, latencija i real team, faktor koji omogućavaju da različite konfiguracije modela budu upoređene na objektivan način."
medium,38,38govornik2.wav,govornik2,veoma_dugi,64.46,71.376,1.1073,0.0073,0.73,"Prošle nedelje imao sam prilično ispunjen dan. Ujutru sam ustao ranije jer sam morao da završim nekoliko obaveza pre odlaska u grad. Posle doručka proverio sam poruke, pripremio stvari koje su mi bile potrebne i krenuo automobilom. Na putu je bilo više saobraćaja nego što sam očekivao, pa mi je trebalo skoro pola sata da stignem do centra. Prvo sam otišao do prodavnice, zatim do banke, a nakon toga sam se našao sa prijateljem kojeg nisam video nekoliko meseci. Razgovarali smo o poslu, putovanjima i planovima za narednu godinu. Posle ručka vreme se iznenada promenilo i počela je jaka kiša. Sačekali smo nekoliko minuta da se vreme malo smiri, a onda smo krenuli kući. Kada sam se vratio, nastavio sam da radim na računaru. Uveče sam završio preostale obaveze i odlučio da ostatak dana provedem odmarajući se.","Prošle nedelje imao sam prilično ispunjen dan. Ujutru sam ustao ranije jer sam morao da završim nekoliko obaveza pre odlaska u grad. Posle doručka proverio sam poruke, pripremio stvari koje su mi bile potrebne i krenuo automobilom. Na putu je bilo više saobraćaja nego što sam očekivao pa mi je trebalo skoro pola sata da stignem do centra. Prvo sam otišao do prodavnice, zatim do banke a nakon toga sam se našao sa prijatelj kojeg nisam video nekoliko meseci. Razgovarali smo o poslu, putovanjima i planovima za narednu godinu. Posle ručka vreme se iznenada promenilo i počela je jaka kiša. Sačekali smo nekoliko minuta da se vreme malo smiri, a onda smo krenuli kući. Kada sam se vratio nastavio sam da radim na računaru. Uveče sam završio preostale obaveze i odlučio da ostatak dana provedem odmarajući se."
medium,39,39govornik3.wav,govornik3,veoma_dugi,62.61,72.043,1.1506,0.1223,12.23,"Sistem koji obrađuje govor u realnom vremenu mora da rešava nešto drugačiji problem od sistema koji dobije kompletan audio zapis. Kod klasične transkripcije model može da dobije čitav snimak i zatim ga obradi. Kod realnog vremena zvuk neprestano pristiže, pa ga je potrebno podeliti na manje delove. Ako koristimo veoma kratke segmente, sistem može brzo da prikaže rezultat, ali model ima manje konteksta za pravilno prepoznavanje rečenice. Sa druge strane, ako koristimo duge segmente, model dobija više konteksta, ali korisnik mora duže da čeka na rezultat. Zbog toga izbor veličine segmenta predstavlja kompromis između latencije i kvaliteta transkripcije. Na primer, mogu se uporediti segmenti od dve, pet i deset sekundi. Za svaku konfiguraciju moguće je izmeriti vreme obrade, faktor realnog vremena i tačnost konačnog transkripta. Takav eksperiment omogućava da se utvrdi koja konfiguracija predstavlja najbolji kompromis za praktičan sistem.","Sistem koji obrađuje govju u realnom vremenu mora da rašava nešto drugačiji problem od sistema koji dobije kompletan audio zapis. Kod klasične transkripcije model može da dobije čitav snimak i zatim ga obrađi. Kod realnog vremena zvuk neprestano pristiže pa ga je potrebno podeliti na manje delove. Ako koristimo vemo kratke segmente sistem može brzo da prikaže rezultat, ali model ima manje konteksta za praveo prepoznavanje rečenice. Sa druge strane, ako koristimo duge segmente model dobija više konteksta, ali koristik mora duže da čeka na rezultat. Zbog toga izbor većine segmenta predstavlja kompromis između latencije i kvaliteta transkripcije. Na primjer mogu se uporedi te segmenti od 2,5-10 sekundi. Za svaku konfiguraciju moguće izmeriti vreme obrade, faktor realnog vremena i tašnost konačnog transkripta. Takav experiment omogućava da se utvrdi koja konfiguracija predstavlja najbolji kompromis za praktičan sistem."
medium,40,40govornik3.wav,govornik3,veoma_dugi,79.77,79.86,1.0011,0.1567,15.67,"Cilj eksperimentalne analize sistema za automatsko prepoznavanje govora jeste da se utvrdi kako različiti faktori utiču na njegov rad. Možemo menjati veličinu modela, nivo pozadinskog šuma, jezik govornika, parametre dekodiranja, način kvantizacije ili korišćenje algoritma za detekciju govora. Svaki eksperiment treba organizovati tako da možemo jasno da utvrdimo posledice određene promene. Rezultati se zatim mogu posmatrati kroz više metrika. Word Error Rate pokazuje koliko se prepoznati tekst razlikuje od tačnog referentnog transkripta. Latencija pokazuje koliko vremena je potrebno za obradu, dok Real-Time Factor povezuje vreme obrade sa trajanjem samog zvučnog zapisa. Potrošnja memorije je posebno značajna kada model treba da radi na uređajima sa ograničenim resursima. Kombinovanjem ovih rezultata možemo da pronađemo konfiguraciju koja ne mora biti najbolja prema svakoj pojedinačnoj metrici, ali predstavlja dobar kompromis između tačnosti, brzine i potrebnih računarskih resursa.","Cilj eksperimentalnoj analizi sistema za otomatsko prepaznavanje govora jeste da se otvrdi kako različiti faktori u tiču na njegov rad. Možemo menjati viručinu modela, nivo pozadinskog šuma, jezik govornika, parametre dekodiranja, način kvantizacije ili korišćenja algoritma za detekciju govora. Svaki eksperiment treba organizovati tako da možemo jasno otvrdimo poslijece određene promene. Rezultati se zatim mogu posmatrati kroz više metrika. War error rate pokazuje koliko se prepoznati tekst razlikuje od tačnog referentnog transcripta. Latencija pokazuje koliko vremeno je potrebno za obradu dok real time factor povezuje vreme obrade sa trajanjem samog zbučnog zapisa. Potrošnja memorije je posebno značena kada model treba da radi na uriđima sa ograničenim resursima. Kombinovanje ovih rezultata možemo da pronađemo u konfiguraciju koja ne mora biti najbolja prema svakoj pojedinačnoj metrici, ali predstavlja dobar kompromist između tačnosti, brzine i potrebnih računarskih resursa."
