Broj,Audio ID,Govornik,Grupa_duzine,Tip šuma,SNR [dB],WER,WER [%],Vreme [s],Transkripcija
2,2govornik1.wav,govornik1,kratki,bez šuma,inf,0.3571,35.71,1.236,"Automacko prepoznamenje govora, pretvara izgovorine reći u tekst koji računar može dalje da obradju."
2,2govornik1.wav,govornik1,kratki,beli,20.0,0.3571,35.71,1.199,"Automacko prepoznamenje govora, pretvara izgovorene reći u tekst koji ročunar može dalje da obradju."
2,2govornik1.wav,govornik1,kratki,pink,20.0,0.4286,42.86,1.251,"Automacko prepoznamenje govora, pretvara izgovorine reći u tekst, koji racunar može dalje da obradju."
2,2govornik1.wav,govornik1,kratki,beli,10.0,0.7143,71.43,1.249,"Automacko prepoznamenje govora, pretverej zgovorenje reću tekst, koji racunar može da je da obrađi."
2,2govornik1.wav,govornik1,kratki,pink,10.0,0.7143,71.43,1.246,"Automacko prepoznamenje govora, dretveraj zgovorine reću tekst, koji ročunar, može da je da obrađi."
2,2govornik1.wav,govornik1,kratki,beli,5.0,0.8571,85.71,1.186,"Automacko prepoznamenje govora, redfaraj s govorem je reću tekst pujro tuner može da je dobrađu."
2,2govornik1.wav,govornik1,kratki,pink,5.0,0.7857,78.57,1.265,"Automacko prepoznamenje govora, pretvere zgovorenje rečil text, koji ročunar može vaga je dobrađi."
2,2govornik1.wav,govornik1,kratki,beli,0.0,0.5714,57.14,1.359,"Automatsko prepoznamen je govora, pretvara je zgodorene reći tekst, koji ročunar može dalje dobrađu."
2,2govornik1.wav,govornik1,kratki,pink,0.0,0.7857,78.57,1.237,"Automatske prepoznamenji govora, retrorej zdovorenje veći tekst, koji roći met može danje doobrazi."
2,2govornik1.wav,govornik1,kratki,beli,-5.0,1.0714,107.14,1.283,"Automatski preko znamo mi dovora, pretvara izgovorane reći i fec, su i racinar može vado dobrađi."
2,2govornik1.wav,govornik1,kratki,pink,-5.0,1.0,100.0,13.187,"u hrazično je boljite, da je staviti uvojite. Značno je je uvojite, da je boljite."
2,2govornik1.wav,govornik1,kratki,beli,-10.0,1.0,100.0,1.973,"Koši maski pričanom in dovora, peć da je uvorenu, heći, tek, vojdaću, nekno dodađađađađađađađađađađađađađađađađađađađađa."
2,2govornik1.wav,govornik1,kratki,pink,-10.0,1.0714,107.14,9.134,"Vosko svojuči, vrmadam je dva učitiju, vradam je način. Vrlice je stva učitiju, tika učitiju."
2,2govornik1.wav,govornik1,kratki,beli,-15.0,1.0,100.0,7.985,
2,2govornik1.wav,govornik1,kratki,pink,-15.0,1.0,100.0,0.88,
6,6govornik2.wav,govornik2,kratki,bez šuma,inf,0.3333,33.33,1.15,"Sutre u jutru moram da završim nekoliko obave za, a zatim planiram da se vidim sa prijateljima."
6,6govornik2.wav,govornik2,kratki,beli,20.0,0.4,40.0,1.166,"Sutre u jutru moram da završim nekoliko obave za, a zatim planiram da si vidim sa prijateljima."
6,6govornik2.wav,govornik2,kratki,pink,20.0,0.2667,26.67,1.172,Sutre u jutru moram da završim nekoliko obaveza a zatim planeram da se vidim sa prijateljima.
6,6govornik2.wav,govornik2,kratki,beli,10.0,0.3333,33.33,1.145,"Sutra u jutru moram da završim nekoliko oboveza, a zatim planiram da si vidim sa prijateljim."
6,6govornik2.wav,govornik2,kratki,pink,10.0,0.4,40.0,1.169,"Sutre u jutru moram da zeveršin nekoliko oboveza, a zatim planiram da se vidim sa prijateljime."
6,6govornik2.wav,govornik2,kratki,beli,5.0,0.3333,33.33,1.137,Sutra ujutru moram da zvršim nekoliko obavaza a zatim planjera da se vidim sa trijeti din.
6,6govornik2.wav,govornik2,kratki,pink,5.0,0.4,40.0,1.163,Sutra ujutru moram da završi nekoliko obova za azatem planeram da se vidim sa prijetedama.
6,6govornik2.wav,govornik2,kratki,beli,0.0,1.0667,106.67,5.466,Svitro i i tru moram da zivrši neku i koje boli za ansat im planeram da si vidim sa pijet igranja.
6,6govornik2.wav,govornik2,kratki,pink,0.0,0.9333,93.33,1.155,Sutro u učru moram desegrši neku u komadu za ansatim planera da se vidim se tu je tudi.
6,6govornik2.wav,govornik2,kratki,beli,-5.0,0.9333,93.33,5.395,"Sutro i utro moram desigešan nekrujko nega vesak, ansakim do amiranu da se vidim se tu je priveljana."
6,6govornik2.wav,govornik2,kratki,pink,-5.0,0.8,80.0,5.314,"Sultra ujudno moram desidno šimneko, da se atemplaviram da se vim sad ujudno."
6,6govornik2.wav,govornik2,kratki,beli,-10.0,1.2667,126.67,8.357,"Fukiloj je je to je nalihno za dažne muzite, jika je umarata, za akim vrmila da si rinam za Fukiloj."
6,6govornik2.wav,govornik2,kratki,pink,-10.0,1.3333,133.33,8.481,Sipi u rjudu je nekaj vrljim desi poštih. Vrljim je na svojim vrljim. Sipi u rjudu je na svojim vrljim.
6,6govornik2.wav,govornik2,kratki,beli,-15.0,1.0667,106.67,8.497,"dva učutku učutku, u unijim da je život, da je svetna učutku, vrču je svetna učutku."
6,6govornik2.wav,govornik2,kratki,pink,-15.0,1.0,100.0,0.972,
9,9govornik3.wav,govornik3,kratki,bez šuma,inf,0.6667,66.67,1.201,"No hronskim reže danasi koristili za obradu slike teksta, zvukaj, mnog i druhih vrsta polateka."
9,9govornik3.wav,govornik3,kratki,beli,20.0,0.6,60.0,1.195,"Na gronskim reže danasi koriste za obradu slike teksta, zluka i mnogvi druhik vrsta pola tega."
9,9govornik3.wav,govornik3,kratki,pink,20.0,0.7333,73.33,1.203,"No hronskim reže dana si koriste za obradu slike teksta, zvukaj, mnog vi druhih vrsta pola tega."
9,9govornik3.wav,govornik3,kratki,beli,10.0,0.6667,66.67,1.31,"Morgronskim reže danasi koristri za ovredo slike, teksta, zluka i mnoj vidrujt vrsta politika."
9,9govornik3.wav,govornik3,kratki,pink,10.0,0.8,80.0,1.247,"U gronskim režedana se koristili za ovredo šlikje tekstra, zvukaj, mnoj vidrujk vrsta politika."
9,9govornik3.wav,govornik3,kratki,beli,5.0,0.8,80.0,1.2,Granskim režidana se koristje za ovrelu sliketetske zluka i jedno zbidru i prstapelat.
9,9govornik3.wav,govornik3,kratki,pink,5.0,0.5333,53.33,1.287,"V onskim režadana se koriste za ovrelu, slike, teksta, zluka i nođu brujk vrsta palaća."
9,9govornik3.wav,govornik3,kratki,beli,0.0,0.8,80.0,5.832,i donskim rezidamo se korestu zavrili svijetje pećsku zluka i najdeglijt vrsta pala.
9,9govornik3.wav,govornik3,kratki,pink,0.0,1.0,100.0,5.647,"Dostkom režidano se korestu iz autra, iz ruket, pred sprozdujke i mordi, vrljike vrljike vrljike vrljike."
9,9govornik3.wav,govornik3,kratki,beli,-5.0,0.9333,93.33,6.298,"Vom skanaravu dami si koristu zavrili, sliike, pećka, sliike i ne bi greb, vrsta teva."
9,9govornik3.wav,govornik3,kratki,pink,-5.0,1.1333,113.33,6.464,"Vosko ne razidam, si to je zavrili, svić, peksi, svić, peksi, peksi, peksi, peksi, peksi, peksi, peksi."
9,9govornik3.wav,govornik3,kratki,beli,-10.0,1.3333,133.33,5.954,"...i da stavljav i da mi si prizadili svić, ...i da ti stavljav i da ti stavljav i da ti stavljav."
9,9govornik3.wav,govornik3,kratki,pink,-10.0,1.0,100.0,9.865,"da usko nebezimati, da usko zavirati, da usko zimati, da usko zimati, da usko zimati."
9,9govornik3.wav,govornik3,kratki,beli,-15.0,1.0,100.0,1.237,"Očac, komendati, tako, stavljati, stavljati, stavljati, stavljati, stavljati."
9,9govornik3.wav,govornik3,kratki,pink,-15.0,1.0,100.0,0.956,
12,12govornik1.wav,govornik1,srednji,bez šuma,inf,0.6129,61.29,1.719,"Juče sam krenuo do grada nešto rani je neko obično. No ulicama ni je bilo mnovo ljudi, pa sam brzuza vršiva sve ova veze. Nakon toga sam se je ovo obližni kafeć i se čekao prijetelja."
12,12govornik1.wav,govornik1,srednji,beli,20.0,0.5806,58.06,1.772,"Juče sam krenuo do grada nešto rani je neko obično. No ulicama ni je bilo mnovo ljudi, pa sam brzu za vršiva sve ovo veze. Nakon toga sam sve ovo obližni kafić i se čekao prijetelja."
12,12govornik1.wav,govornik1,srednji,pink,20.0,0.7097,70.97,1.781,"Juče sam krenu o dograda nešto rani je nego obično. No ulicama ni je bilo mnovo ljudi, pa sam brzu za vršiva sve ova veze. Nakon toga sam se je ovo obližni kafeć i se čekao prijetelja."
12,12govornik1.wav,govornik1,srednji,beli,10.0,0.6774,67.74,1.743,"Juče sam krenu o dol grada nešto rani je nevo obično. No ulicama ni je bilo mnovo ljudi, pa sam brzo završiva sve ovo leze. Nakon toge sam se je o obižni kafić i se čekao prijetelje."
12,12govornik1.wav,govornik1,srednji,pink,10.0,0.6774,67.74,1.682,"Juče sam krenu od ukrada nešto rani je nevo obično. No ulicavan je bilo mnovo ljudi, pa sam brzu zaversiva sve ovo veza. Nakon toga sam se je u obižni kafic i se čekal prijetelje."
12,12govornik1.wav,govornik1,srednji,beli,5.0,0.6774,67.74,1.679,"Djuče sam kremno do grada nešto rani je nevo obično. No ulicavan i bilo mnovo ljudi, pa sam brzva vršiva sve ovo vezo. Nakon toga sam se je o obižni kafi i sa čekao prijetenja."
12,12govornik1.wav,govornik1,srednji,pink,5.0,0.6452,64.52,1.772,"Djuče sam trenuvo do grada nešto rani je nevo obični. Ne ulicama ni je bilo mnovu ljudi, pa sam brzo završiva sve ovo veza. Nakon toge sam se je u obižnji kafić i se čekao prijetina."
12,12govornik1.wav,govornik1,srednji,beli,0.0,0.871,87.1,1.687,"Kluče sam krenu od odrada nešterani je nevo obični. Ulicovanji bilo mnovo ljudi, pa sam brizu da vršuje se ovo vezem. Nakon poglasem se je u obižnjitati i se čete oprijeti ne."
12,12govornik1.wav,govornik1,srednji,pink,0.0,0.6774,67.74,1.712,"Vljuča sam kremlo do grada nešto rani je nevo obični. No ulicama nije bilo mnovo ljudi, pa sam prizvra većuje sve ovo vesem. Nakon to vesem se o obihnih kafi i se čekao prijeti."
12,12govornik1.wav,govornik1,srednji,beli,-5.0,0.9032,90.32,1.85,"Uče sem krenu odigrada nešto rami nevo obični. Ne ulico manji bilo mnovo u uđi, pa sem brži ga vrči osve ovališni. Nakon toge sem se u obišni stavlji, izsečaj koje prijetim."
12,12govornik1.wav,govornik1,srednji,pink,-5.0,1.0323,103.23,10.569,"Vrče sem vremo, dva da neštovanije nebo obični. Vrče mani vlomnovo uvi, pa sem prvi vela šlja sve ovaloš. Tako njoga sem sve obični, tako njoga sve obični. Vrče sem četko prijeplni."
12,12govornik1.wav,govornik1,srednji,beli,-10.0,1.0968,109.68,10.838,"Uče sem treno, da dradam je stranijem ovo oditi. Uče manjim je bilo malo ujudni. A sem da ujudni, da ga što se obalori. A sem dobro, sem se obo izinplati. Če sem toto, prijebno."
12,12govornik1.wav,govornik1,srednji,pink,-10.0,1.0,100.0,17.924,"Uhljeni, učitасьa to je podrežavaju je tih prava, si boukega krubno su vržavlju, i čitbladeu je to divi, učitek živizici, učitek živiz como tudi je vržavlju, bruzitek je od rujom vržavljega."
12,12govornik1.wav,govornik1,srednji,beli,-15.0,1.0,100.0,10.29,
12,12govornik1.wav,govornik1,srednji,pink,-15.0,0.9677,96.77,11.359,"Svej zvični, klubkal crea oven. Svej zvej zbaje, noptaljani, quatre odrhekajte. Znirati mu, kova sa jadati svej, svej zbar i zvorne."
17,17govornik2.wav,govornik2,srednji,bez šuma,inf,0.0714,7.14,1.648,"Veći modeli mašinskog učenja često mogu da postignu veću tačnost, ali zahtevaju više memoria i procesorske snage. Zbog toga najveći model nije uvek najbolji izbor za praktično primenu."
17,17govornik2.wav,govornik2,srednji,beli,20.0,0.1786,17.86,1.647,"Veći modeli mašinskog učenja često mogu da postignu veću tačnost, ali zahtevaju više memoria i procesorske snali. Zbog toga najveći model mi je uvek najbolji izbor za praktično primenu."
17,17govornik2.wav,govornik2,srednji,pink,20.0,0.1786,17.86,1.684,"Veći modeli mašinskog učenja često mogu da postignu veću tačnost, ali zahtevaju više memoria i procesorske snagi. Zbog toga najveći model mi je uvek najbolji izbor za praktično primenu."
17,17govornik2.wav,govornik2,srednji,beli,10.0,0.4286,42.86,1.636,"Većimo deli mašniskog učenja često mogu da postignu već utačnost, ali zahtevaju više memoria i procesovske snadi. Zbog toga najveći model mi je uvek najbolji izbor za praktično trinveni."
17,17govornik2.wav,govornik2,srednji,pink,10.0,0.3214,32.14,1.645,"Većimo deli mašniskog učenja često mogu da postignu veću tačnost, ali zahtevaju više memoria i procesorske snali. Zbog toga, najveći model mi je uvek najbolji izbor za praktično trimenu."
17,17govornik2.wav,govornik2,srednji,beli,5.0,0.4286,42.86,1.735,"Veći modeli mašnjski učenja, često mogu da postivno već utačnost, ali zaktivaju više memorije i procesovske snali. Zbog toga, najveći model, mi je uvek najbeli izbor za praktično trebno."
17,17govornik2.wav,govornik2,srednji,pink,5.0,0.3929,39.29,1.773,"Većimo deli mašniskovu učenja često mogu da postivnu već utačnost, ali zahtevaju više memorije i procesorske snali. Zbog toga najveći model mi je uvek najbolji izbor za praktično triplnih."
17,17govornik2.wav,govornik2,srednji,beli,0.0,0.6071,60.71,1.669,"Beći modeli mašnjski uvićenja često mogli da postivniu beć utacjnost, ali zaktivaju više menorije i procesovske snanje. Zbog toga najvići model mi uvet najbolji izbog za prakticim trebnih."
17,17govornik2.wav,govornik2,srednji,pink,0.0,0.6071,60.71,1.982,"Veći modeli mašnjski uvićenja, česku mogu doprostivni u već u tačnih, ali zahtevaju više memorie i procesorske snanje. Zbog toga najveći model mi je urek najdeli zbog za praktišteni."
17,17govornik2.wav,govornik2,srednji,beli,-5.0,0.8571,85.71,12.017,"Beći modeli maši stve bičina, češte mogu dako stve biči daći daći. Nani zavteva i obviše menarije i procesovske snanje. Zbog toga, najliči model, nimi ujirit najvi listov za pravčičničničnična."
17,17govornik2.wav,govornik2,srednji,pink,-5.0,1.1429,114.29,11.054,"Veći modeli našnjski vrtinja, češte mogli da kostili već i daći, a zazdjeva je nisem i dajir i procesu snara. Zbog toga, najnjeći mada, nije uvijet, najdjevi, zbog zbog i zbog i zbog i zbog i zbog i zbog."
17,17govornik2.wav,govornik2,srednji,beli,-10.0,1.3929,139.29,13.218,"Doći na deli masi pričenja, češke mori da postiti daći daći. No i zahtova lići na deli daći daći svoći svoći svoći na deli. Svoći na deli daći na deli daći na deli daći na deli daći svoći na deli."
17,17govornik2.wav,govornik2,srednji,pink,-10.0,1.0,100.0,16.768,J watch njem.
17,17govornik2.wav,govornik2,srednji,beli,-15.0,1.0,100.0,16.527,Oči konvijem je našem aquih vzmjewite. Otrošnje na šedljih.
17,17govornik2.wav,govornik2,srednji,pink,-15.0,0.9643,96.43,9.589,"Da je celši uvrlju potrično, da je celši uvrlju potrično, da je celši uvrlju potrično."
22,22govornik3.wav,govornik3,srednji,bez šuma,inf,0.5667,56.67,1.778,"Čovjek tokom obično-grazgovar često pravi kratke paoze, menje brzino govora i zastanika koji razmistlju. Sistim za prepoznalnje govora mora da budet dovojno robustanda pravilno obradi takve situacije."
22,22govornik3.wav,govornik3,srednji,beli,20.0,0.6667,66.67,1.751,"Čovjek tokom obično-grazgovar često pravi kratke paoze, menje brzino govra i zastanika kovi razmistilo. Sistim za prepoznalnje govra mora da budet dovojno, robustand da pravilno obradi tako situaciji."
22,22govornik3.wav,govornik3,srednji,pink,20.0,0.6333,63.33,1.765,"Čovjek tokom obično-grazgovar često pravi kratke paoze, menje brzino govra i zastanika koji razmistljivo. Sistim za prepoznalnje govra mora da budet dovojno robustanda pravilno obradi takve situacije."
22,22govornik3.wav,govornik3,srednji,beli,10.0,0.7333,73.33,1.81,"Šovjek tokom obično-ga razgore često pravi kratke paoze, menje brzvino govra i zastanika kovi razmislije. Sistim za propoznalanja govra mora da budi dovojno, robostom da pravljuno obradi kapi situaciji."
22,22govornik3.wav,govornik3,srednji,pink,10.0,0.6667,66.67,1.76,"Čovjek tokom obično bi razgore često pravi kratke paoze, menje brzino govora i zastanika kovi razmislju. Sistim za prepoznalnjona govora mora da budi dolojno, robostranda pravojno obradi tako situacije."
22,22govornik3.wav,govornik3,srednji,beli,5.0,0.8,80.0,1.751,"človek tokom obično-ga razgore često pravi krakke paoze, oni obrzino govora i zastanita kod je razniski. Sistim za pretoznalnje govora, moraja, bude dolino, robosto da pravljuno od radi tati situaciji."
22,22govornik3.wav,govornik3,srednji,pink,5.0,0.7667,76.67,1.762,"šlovek tokom obično grezgovara često pravi tretje pao oze, nu je brzina u govra i zastanika kog je razmisli. Sistem i zaprepoznalnje govra mora da bude dolino, robosti da travojno obradi tako situacije."
22,22govornik3.wav,govornik3,srednji,beli,0.0,0.8667,86.67,1.772,"šo je kako moglišno borazgovar često pravi trati paoize, u njebrzino govra i zastanujem tako je razmiskih. Sistim za pretaznalnjana govra morali da li dolojno, robujski da pravujno obravitak i situaciji."
22,22govornik3.wav,govornik3,srednji,pink,0.0,0.9,90.0,1.803,"Čo je kako mogušte grazgovoje često pravi trefte paljeze, u nebo brzilu govora i zastanite atovi razlijski. Sistim za pripezavljana govora morali byli govno, robostom da bravojno obrali taki se bilacim."
22,22govornik3.wav,govornik3,srednji,beli,-5.0,0.9667,96.67,10.519,"čo je kako mogušne grezgora, često pravi krajke pa izve, mu je brzina gora izvajstvi, tako je razlijski. Siskim, je za protonajno gora, mora, labili, galjno, robušne, da bravi, no, od bravi krajke situacije."
22,22govornik3.wav,govornik3,srednji,pink,-5.0,0.9,90.0,11.422,"što je pokonavni što bi razdora često pravi trafi krajuze. Mimo brzimo johora zastavni trafi kraju raznosti. Sistem za pretuznjana, johora, mara, bravi, bravi. Ravnosti da bravi trafi kraju."
22,22govornik3.wav,govornik3,srednji,beli,-10.0,1.2,120.0,15.136,"Svoreks pozna ovih stadevo je učizljati pravlju pravlju. Nije bizni je goala i znaštim kače gliju razmisni. Svisten je da kanata nana, goala nana, goali zelojno. Svoreks je da vari je da mali pravlju pravlju pravlju pravlju."
22,22govornik3.wav,govornik3,srednji,pink,-10.0,1.0,100.0,18.446,"Češ lipili pek vlega što bila svylja, Česbje karejko taj pek vlega razve Ju udiečo innih rojara, Česbje karejno taj pek vlega razve"
22,22govornik3.wav,govornik3,srednji,beli,-15.0,1.0,100.0,17.811,"suci da dole je extrinsiv diganično i tam je minimalist, mnoje spidano da zirveni. Sničano se dodano moja odladka i skolitečne znavo, znavo se stve nekno sući."
22,22govornik3.wav,govornik3,srednji,pink,-15.0,1.0,100.0,1.066,
27,27govornik1.wav,govornik1,dugi,bez šuma,inf,0.5645,56.45,5.167,"Jednog jutra krenu osama u tomo bilom prema gradu nešto rani je nego obično. Sa obreći je u početku bio veoma slab, ali se približavajem centru broj vozila postepenu povećavo. No ksem čekao nas sema for u neradiju su govorili o vremezko prognozi za narenih nekoliko dana. Najavljenu je sunčano vreme, ali mogu smo skratko treni kiše tokom weekenda. Karasam stigao, parkir osama u tomo bil i nastavio pesjice."
27,27govornik1.wav,govornik1,dugi,beli,20.0,0.4516,45.16,3.607,"Jednog jutra krenu osama automobilom prema gradu nešto rani i nego obično. Sa obreći je u početku bio veoma slab, ali se prebližavajim centru broj vozila postepenu povećavo. No ksem čekao nas sema for uneradiju su govorili o vremezku prognozi za nane inih nekoliko dana. Najavljenu je sunčano vreme, ali mogu sam skratku treni kiše tokom vikenda. Kada sam stigav, per kira osama automobil i nastavio pesjice."
27,27govornik1.wav,govornik1,dugi,pink,20.0,0.5323,53.23,3.65,"Jednog jutra krenu osama u tomo bilom prema gradu nešto rani je nego obično. Sa obreći je u početku bio veoma slab, ali se približavanjem centru broj vozila postepenu povećavo. Oksam čekao nas sema for uneradiju su govorili o vremesku prognoziz na nenih nekoliko dana. Najavljenu je sunčano vreme, ali mogu iznos kratko treni kiše tokom vikenda. Kada sam stigav, parkiru osama u tomo bil i nastavio pesjice."
27,27govornik1.wav,govornik1,dugi,beli,10.0,0.4516,45.16,3.74,"Jednog djutrak ne nosama automobilom prema gradu nešto rani je negoovično. Sa obreći je u početku bio, veoma slab, ali se prebežavinjem centru broj vozila posteteno povećavo. Oksam čekao na semaforu ne radiju su govorili o vremelsku prognozi za nanevnih nekoliko danu. Nejavljenu je, sunčano vreme, ali mogu ismelsku kratku treni kiše tokom vikende. Kada sam stigav, parki rosa automobim i nastavio pescici."
27,27govornik1.wav,govornik1,dugi,pink,10.0,0.4839,48.39,3.767,"Jednog jutrak ljeno osama automobilom prema gradu nešto rani i nego obično. Sa obreći je u početku bio, veoma slab, ali se približavajim centru broj vozila postepeno povećavo. Oksam čekao na semaforne radiju su govorili o vremnozku prognozice na nevnih nekoliko dano. Nejavljenuje, sunčano vreme, ali mogu sem skratku treni kiše topom vikendi. Kada sam stigav, parkiru osama automobil i nastavio pesicimo."
27,27govornik1.wav,govornik1,dugi,beli,5.0,0.6129,61.29,3.77,"Jedno vi utrakt ne nosano automobilom prema grado nešto rani i nego obični. Sa obreći je u početku bio, velo na slab, ali se prebizavajim centru broj vozila poskuteno povićavo. Od som čekao na semaporu ne radiju su govorili o vremezko prognozi za nade inih nekoliko dano. Nejavljenu je, su učano vreme, ali mogu smo skratku tajni kiše to komvitim. Kada sam stigav, praktir osano automobil i nastavljio pescici."
27,27govornik1.wav,govornik1,dugi,pink,5.0,0.6774,67.74,3.774,"Jednog dutrak ne nosano automobilom prima gradu nešto rani i nego obični. Sa obreći je u početku bio, velo na slab, ali se privežavajim centru broj vozila posteteno povećavo. Okson čekl ona sema for unjeradiju su govorili o vremezko prognozize na nevnih nekoliko danu. Nejavljenuje, sunčano vreme, ali mogu isnus kratku kreni iše tokom vikendi. Kerasim stigav, pakiru osamo automobim i nastavila pescica."
27,27govornik1.wav,govornik1,dugi,beli,0.0,0.7419,74.19,9.565,"Jedno bi utrak reno osnovu tom obilom preno drabi nešto rani i nego obični. Sa obreći je u početku bio, veoma slab, ali se prebezavinim centru broj vodila poskotenu povićava. Odsem čekto na sema koru ne radi usugovorili o vremecku prognozi za nane mih nekoliko dani. Nejavljenu je, su imčano vreme, ali mogu usnus prakliveni i še to kombični. Karazom stigav, pakir osom automobil i nastaju pesitim."
27,27govornik1.wav,govornik1,dugi,pink,0.0,0.7903,79.03,8.522,"Jedno dvljtrak ne nosano automobilom trenu grado nešto rani inegovečni. Sa obrećaju početku bio veoma slab, ali se pregužavni sem prubroj bozi da posledenu povićavo. Očom čekto na semakorim neradaju su govorili opremno skuprognozice narenikenj koliko dane. Nejavljenu je, su imčono vreme, ali mogu isnus kakroveni iše toplom bitim. Kerosom stigav, tak ki do sem automobit i nastavlje pescici."
27,27govornik1.wav,govornik1,dugi,beli,-5.0,0.8871,88.71,20.996,"Jedno dju prekvenu osimo otomodilom trenu kradi nešto rani ineg obični. Sa obreći je u protekri bio, reomno stavljali se predizavili, centru dovozili posti trenu policjava. Oksunčetno na seme korinari su govorili o gremi skiproznogize nade njih nekroli kodani. Ne javljime, stvi trenu treni, ali mogli smo stratri trenu iše toto diti. Kada smo stvi i gal, kakiro osimo otomodili in nastavili pečiti."
27,27govornik1.wav,govornik1,dugi,pink,-5.0,1.2258,122.58,27.79,"i jedanah krujtra, kao njelo se mnovenu krujtra na kravili nešto rady, nego obici, sa obratiši, u počelju bi bi jo, jo ja mamo slav, ali se privezavili sand, pekroj bozi da postojene kogećava. Vom sem čekona se na krujtra nadivu, su bo vori bi obrati, mamo su privezavili na krujtra na krujtra na krujtra na krujtra na. Ijadajno, sem čem o tajene, ali imo krujtri se si tako, krujtri, krujtri, krujtri, krujtri, da resmi spiegao, da pide osimo u pomobili, in stali obešiti."
27,27govornik1.wav,govornik1,dugi,beli,-10.0,1.1129,111.29,24.022,"Jeden bude krehta noga osmah on je mob je ono stavi na stvari, ne ne goledi svoj vlidu, si odbiznje, je te tete uvi joj. Teh amestav, ali se pripidavni, si teh odbiznje je nekoje odbiznje, si odbiznje je neko je tato krehta. Na skojena stvari, se dve ove uvodaju, si pripidavni, si pripidavni, si pripidavni, alegi nogrići si odbiznje, si pripidavni, si pripidavni, si mada pripidavni, ni mada sa na koreši."
27,27govornik1.wav,govornik1,dugi,pink,-10.0,1.0,100.0,24.325,
27,27govornik1.wav,govornik1,dugi,beli,-15.0,1.0,100.0,17.091,
27,27govornik1.wav,govornik1,dugi,pink,-15.0,1.0,100.0,18.382,
32,32govornik3.wav,govornik3,dugi,bez šuma,inf,0.6833,68.33,4.218,"Ljudski govor nije podplno konstantan signo, neko govori brzo neko spori je, a pojedinji govornici pravajamo dudi je pauz izmiđu rećenica. A raznikuju se je visina glasa na glasa izgovari ja čina govara. Sistim koji postiđu olične rezultate kod jedno govorinika, za to nemora, nožno da postiđu i stresultate kod drugi osove. Koriši neviše govorinikamo uvićava realnuju procenu sposomnosti modela. Da generalizve."
32,32govornik3.wav,govornik3,dugi,beli,20.0,0.5333,53.33,3.901,"Ljudski govor nije podplno konstantan signovo, neko govori, brzo neko sporije, a pojedinji govornici prave veamo, dudi je pauz izmiju vrečenica. Raznikuju se je visina glasa, nagoosek izgovari i jačina govara. Sistim koji postižovalične rezultate, kod jedno govorinika, zato ne mora, nuzno da postigniti iz terzultate kod drugi osobe. Koriši neviše govorinikamo uvićava realnuju procenu sposomnosti modela. Da generalizve."
32,32govornik3.wav,govornik3,dugi,pink,20.0,0.6333,63.33,3.69,"Ljudski govor nije podplno konstantan signo, neku govori brzo nekosporije, a pojedinji govornici pravajama dudi pa uz izmiđu veračenica. Raznikuju se je visina glasa, naglasek izgovari i jačina govara. Sistim koji postižovališne rezultate, kod jedno govorinika, za to nemora, nožno da postiđi niste rezultate kod drugi osove. Korišne više govorinika mu uvićava realnuju procenu sposomnosti modela... Da generalizve."
32,32govornik3.wav,govornik3,dugi,beli,10.0,0.6667,66.67,4.733,"Ljudsko govor nije potprono konstantansidno, neko govori, brzo neko spori je, a pojedinji govornici pravajama duje pauz izmiđu rećenice. Razlikuju se je visina glasa na glasek izgovari i jaćina govora. Sistim koji postižovališne rezultate koji jedno govorinika, za to nemora, knužno da postiđi niste rezultate koji drugi osobe. Korišne i više govorinika mu uvićava realnuju procenu sposomnosti modela... ...da generalize."
32,32govornik3.wav,govornik3,dugi,pink,10.0,0.7333,73.33,3.718,"Nutsk-gor nije potpono konstantansivno, neko-gori u brzo neko spori je, a pojedinji-goronice pravajoma dudi je pauz izmiđu račenica. Razlikuju se je visina glasa na glasek izgovari i jačina-govara. Sistim koji postižovališne je zutate, kod jedno-goronika, zato ne mora, nuzno da postiđa i ster zutate koji drugi osobe. Korišne i više-goronikamo uvićava realnoju procenu sposomnostima delat. Dakje, neralizve."
32,32govornik3.wav,govornik3,dugi,beli,5.0,0.8333,83.33,3.789,"Nuzgor nije podkno konstantansivno, neku govori, brizod neko sporeje, a pevili govornici pravajama, byli pa uz iznudu i rećanica. Razljuku se je visina glasa na glasek, način izgovaraju joći na govara. Sistim koji postižovićne rezultate, koji teno govorika, za to nemora, nuzno da postigli i rezultate koji drugi osobe. Priši neviše govorikama u učava i alnoju procenu sposomnosti mađelo. Da je me aralizili."
32,32govornik3.wav,govornik3,dugi,pink,5.0,0.8,80.0,4.071,"Nutsk govrni je potkom, konstantansivnih, neko govori, brzo neko spori je, a projednjini govornici prave rama doje pa uz izmizve rećeneca. Razlikuju se je visijena glasa na glasak, način, izgovari je i jačina govora. Sistim koji postižovalnišne rezultate, koji te negoornih, kaza to na mora, nežno da postiđi niste rezultate, koji drugi osvori. Priši neviše govrnih, koji mu učava i alnoju procenu sposomnosti medelati. Takja neralizvo."
32,32govornik3.wav,govornik3,dugi,beli,0.0,1.15,115.0,4.209,"vizglori je potkom konstantom silnimi, neku govori, brizomeko spori je, a te i nimi govori se prave rano doje pause i vrčeljice. Razljuku se je i sjena glasa na vlasak na čim izgovari ja čim govori. Sistim koji pospije žovušne odzitate, kako je nimi govori, kako zato nimi nora, musim je da poskigla i starj zitate, kako je drjelo svih. Bilišne i liši govori, kako nimi učava realnuju, proć se nisposomnosti mađelo. Tak ja ne aralizvo je."
32,32govornik3.wav,govornik3,dugi,pink,0.0,1.0167,101.67,22.851,"vizglor i je potkom konstantosimom. No i te govori neko spori, a pevni govori ciprave je na dojev pao zizluvi rećenice. Razlikujem se uvi se na glasa na vesek na čim izgovaraju je čim govori. Sistim koji postižavnišna izjetate, pevni govori, pezata na nara, biđužno da poslimi i stresjetate koji od 2-8. Drišne niše govori, pevni učava, realnih, procijno z posomnosti medila, tako je neravizili."
32,32govornik3.wav,govornik3,dugi,beli,-5.0,1.0667,106.67,24.425,"Nesglori je potron, tanstanj prasimnih. Nelke govori, brizirno, kesparje, atveljimi govori, cikrali rama, by je pao zegljili rečanica. Nazljiki se in se na glasa, na glasa, nači izgore, i na gola. Sistim, koji spijegorni se nepati, koji se ne govori, pezato njara, njezno ga piskili, i storgljati, pek dri glasili. Prični, i še govori, komu, i cava krijami je potron, i spisomnih stima govori, da je neravili govori."
32,32govornik3.wav,govornik3,dugi,pink,-5.0,1.0333,103.33,27.079,"muzgor i je potroj, konstantosim, na tegor i prizome posparili, atvali i dobrovni se programa, byli paoze i veričanice. Maoze ti se u sunaj nasa, nalosek način, izgorali i način je dobro. Sistim, koji poskiji žavu se, tako je potroj, i dobrovni, koja za to nalera, nije žljoga poskim listo, rezultati potrivi asim. Prišli niši dobrovni, koji učala, plavni, praceli s posimojste, noboj, tako je naleko."
32,32govornik3.wav,govornik3,dugi,beli,-10.0,1.1833,118.33,25.124,"Kova svojili v Kravdala, a je sam kolo s svojili, lakimo dobro minus testirlge, atkovimo do任 agremo i šokravina A dobro tu su bez ingevobnečnosti. Mašnice strvično da jasem arosak na znači strvićno vore z nevoj, i sve stvično svojili, značna smačno nevojli, לכom diru te mat drarai w marat sve stvično vore, kako je stviđo stricno vojili. Kolo i stvično da jednak i vlameje praksanje sve stvačnje strva Svej svej svej svej."
32,32govornik3.wav,govornik3,dugi,pink,-10.0,1.0667,106.67,22.58,"Varskoj vrbitosti da sv points te vori, ljeste tu stavlješ mamm. Ujde i je te u romanišia chci. Svej na jedno metri pleasingu i čanati. Ujejte u strane je za njeljima, zbog leратi, uštakoju izvoriš mutatu. Kakoj vrbitosti da ci se virastruči vori. Ujde u strane je za njelju čyanatku. Svej izvoriš tu je koj izvori. Sve je tako obdrizata. I odhiji milju, u predschljušinu."
32,32govornik3.wav,govornik3,dugi,beli,-15.0,1.0,100.0,16.875,
32,32govornik3.wav,govornik3,dugi,pink,-15.0,1.0,100.0,10.902,
36,36govornik1.wav,govornik1,veoma_dugi,bez šuma,inf,0.5154,51.54,10.896,"Savrimini sistemi za otomacko prepoznavenja govara imaju velik broje praktičnih primena. Mogu se koristiti za otomacko pravnje transkripeta, sastanka, generisanje titlova, glasov neasistente, pretregu multimelijalno-k sadrgeja i pobošanje pristopačnosti digitalnih sistema. Ipak kvalitet njihovo grada zavisi od velikog broje faktor. Gornici imivra, razečite glasovje, akcente i brzine govora. Dok snimci mogu nasati koristijenjem račiti mikrofoni i u razečitim prostorijem. Dolatnim problem predstavlja pozadinski šum, sistem koji veoma dobro radi u tihvi prostoriji, nemora da postivni isti rezultat na ulici i utomu bilo. Zbog toga, evalulacije sistema nebi trevalo da bude zastomana na samo jednom zvušnom zapisu. Potranome korisiti više govornika, razečite tuži ne snimaka i razečite ustlje. Poretaršnosti zreskripsije važne analizirati vremi izvršavanja. Potrošnju memoria isposobno sistema da obradio je zvuku dovoljno brazo za praktičnu primenu."
36,36govornik1.wav,govornik1,veoma_dugi,beli,20.0,0.5231,52.31,10.961,"Savrimini sistemi za otomacko prepoznavajne govora imaju velik broje praktičnih primjena. Mogu se koristiti za otomacko pravljinet transkripeta, sastanaka, generisanje titlova, glasov neasistente, pretregu multimerijalno-k sadrgeja i pogošanje pristupačnosti digitalnih sistema. Ipak kvalitet njihovo grada zavisi od velikog broje faktor. Gorojnici imaju razečite glasovje, akcente i brzine govora. Dog snimci mogu nasati koristijenje mračiti k mikrofoni i u razečitim prostorijem. Dolatnim problem predstavlja pozdinskih šum, sistem koji veoma dobro radi u tihvi prostoriji nemora da poscignisti rezultat na ulici i utomu bilu. Zbog toga, evalovacije sistema nebi trevalo da bude zastanana na samo jednom zvušnom zapisu. Potronne koristiti više govornika a razečite tuži ne snimaka i razečite ustole. Poretaršnosti zreskripsije važne analizirati vremi izvršavanje. Potrošnju memoria isposobno sistema da obradio zvuku dovoljno brazo za praktičnu primenu."
36,36govornik1.wav,govornik1,veoma_dugi,pink,20.0,0.5308,53.08,11.141,"Sabrimini sistemi za otomacko prepoznavajne govora imaju velik broje praktičnih primen. Movice koristiti za otomacko pravnjet transkripeta, sastanaka, generisanje titlova, glasov neasistente, pretregu multimelijalnuksadrgeja i pogošanje prisupačnosti digitalnih sistema. Ipak kvalitet njihovo grada zavisi od velikog broje faktor. Gorojnici imivra razečite glasovje, akcente i brzine govora. Dog snimci mogu nasati koristijenje mračiti hnikrofone i u razečiti prostorijem. Dolatnim problem predstavljaj pozadenjski šum, sistem koji veoma dobro radi u tihvi prostoriji nemore da poscignijesti rezultat na ulici i utomu bilo. Zbog toga, evalovacije sistema nebi trevalo da bude zastanana na samo jednom zvušnom zapisu. Potrano koristiti više govornika a razečiti tužinja snimaka i razečite ustole. Poretaršnosti, zreskripcije, važne analizirati vreme izvršavanje. Potrošnju memoria isposobno sistema da obradio zvuku dovoljno brazo za praktičnu primenu."
36,36govornik1.wav,govornik1,veoma_dugi,beli,10.0,0.5846,58.46,11.096,"Sabrimini sistemi za otomansko prepozavni govara imaju velik broje praktičnih primen. Molu se koristiti za otomansko pravnjet transkripata, sastanjka, generisinje titlova, glasovne asistente, pretrugu multimelijalno-k sadrgeja i povojšanje pristupačnosti digitanih sistema. Ipak faliti nihovog rada zavisi od velikog broje faktor. Gorojnici imivra razečite glasovje, akcente i brzina i govor. Do snimci mogu nasati koristinje mračiti prikrofone i u razečitim prostorijem. Dolatnim problem predstavlja pozidinskiu šum, system koji veoma dobro radi u tihu prostoriji nemore da postinisti rezultat na ulici i utomu bilu. Zbog toga, evaluacije sistema nebi trevalo da budi zastavana na samo jednom zvušnom zapisu. Potrnu je korisiti više govornika, raziciti tu žinja sninaka i razicite uspole. Poretaršnosti, reskripcije, važnje analizirati vremi zvašavanje. Potrošnje morije i sposobno sistema da obradje zvuk dovenom brzo za praktišnu primem."
36,36govornik1.wav,govornik1,veoma_dugi,pink,10.0,0.5692,56.92,11.477,"Savrimini sistemi za otomatsko prepozavnje govara imaju velik broje praktičnih primen. Movice koristiti za otomatsko pravljenjet transklipeta, sastanjaka, tinerisnje titlova, glasovne asistente, pretregu multimerijalnuksadržaja i povošanje prestupačnosti digita neksistema. Ipak falite nihovog rada zavisi od velikog broje faktor. Vornici imivra različite glasovje, akcente i brzni negovor. Dog snimci mogu nasati korišnje mračiti k mikrofone i u različitim prostorijem. Dolatnim problem predstavlja pozidnjski šum, sistem koji veoma dobro radi u tihroj prostoriji nemore da poscivni isti rezultat na ulici i utomu bilu. Zbog toga, evaluacije sistema nebi trevalo da budi zastavana na samo jednom zvuštom zapisu. Potronne korisiti više govornika, različit tužinje snimaka i različite ustole. Po red taršnosti transklipcije važnje analizirati vremi izvršavanje. Potrošnje memoria isposobno sistema da obradje zvuku dovenom brzo za praktišnu primenu."
36,36govornik1.wav,govornik1,veoma_dugi,beli,5.0,0.6231,62.31,11.697,"Sabrimini sistemi za otomatsko prepozavine govara imaju velik broje praktičnih primim. Movu se koristiti za otomatsko pravijnet transkripata, sastlanika, timirisim i titlova, glasovne asistente, prepregu multimelijalnu ksadržaja i pogošanje prestopačnosti dijetanje ksistema. Ipak palitet nihelo grada zavisu od velikog broje faktor. Vorići mjord razočite glasovje, akcente i brzne govoren. Dog snimicim mogu nasati koristijen rajčiti printrofone i u razočitim prostorijem. Dolatni problem predstva je pozidinski šum, sistem koji veoma dobro radi u titliko stori nemore da postimisti rezultat na ulici i utomu bilu. Zbog toga, evlulacije sistema nebi trevalo da budi zastavana na samo jednom zvuhtom zapisu. Potrno je koristiti više govornika, razočiti tuji nesninova i razočite u spole. Poretacnosti, transkripcije vaglionalizirati vremi zvašavanje. Kotročnime morije isposobno sistema da obradje zvuk dovenom brzo za praktišnu primemi."
36,36govornik1.wav,govornik1,veoma_dugi,pink,5.0,0.6462,64.62,12.168,"Savrimini sistemi za otomatsko prepozavine govara imaju velik droje praktičnih primim. Mogu se koristiti za otomatsko pravnijet transklipeta, sastlanika, generisimiti titlova, glasovne asistente, pretrugu multimelijena psa držaja i pogošanje prestupačnosti diritanec sistema. Ipak faliti njihovo grada sa visi od velikog droje faktor. Vorić i mior razočete glasovje, akcente i bricinem govara. Dog snimci mogu nasati koristinjem račiti k mikrofoni i u razočiti prostorijam. Dolatnim problem predstavlj da pozidnijski šum, sisten koji veoma dobro radi u tihru prostoriji nemore da poscivni isti rezultat na ulici i utomu bilu. Zbog toga, evalovacije sistema nebi trevalo da budi zastavana na samo jednom zvučnom zaposu. Potronne korisiti više govornika, razičiti uđini sninaka i razičite ustole. Poretaršnosti transkrypcije važnje analizirati vremi zvašavani. Potrošnimi morije isposobno sistema da obradje zvuk dovenom brazi za praktično primen."
36,36govornik1.wav,govornik1,veoma_dugi,beli,0.0,0.7,70.0,14.903,"Sabremili sistemi za otomarsko prepoznali njegovara imaju velik vratičnih krimenu. Mogu se korisiti za otomarsko pradlje transplitata, sastanjka, njorisimnih titlova, glasomniha sistempe, pretrvi multimelijama ksabrgea i pobošanje pristopacom se dijikane sistemi. Ipak palititik njegovog rada zaviti od velikog vrati faktor. Goricimir različite glasovje, akcenti i brisimnih govore. Do snenicim mogu nasiti korišnjim radičekit nekrofon je i u razičitim prstorijem. Dolatni problem pekslaj da pozivim skišum, sistem koji veama dobro radi u tih putrstoriji, nemore da posti inijesti rezultat na ulici i utomu bili. Bog toga, evolovacije sistema ne bi trebalo da budi zastanana na samo i jednim zupom zapis. Potrne kojišiti više govornika, radičit i žimnika i radiite uspoje. Poretacnosti, reskrijcije, vaznje analizirati vremu zgašavani. Potrošnjim imorije, kisko sobne sistema da obrađu zluk dovenu brzo zaka, nuprimenu."
36,36govornik1.wav,govornik1,veoma_dugi,pink,0.0,0.7462,74.62,13.531,"Sabrami mi systemi za otomatsko prepozavno njubovara imaju velik proje praktičnih prinem. Mogu se korisiti s automatsko pravnih transplipata, sastanjka, denerisnih titlova, glasovni asistente, pretrovi nuki merijame sadžeja i pogošanje krestopacnice delitaneksistem. Ipak faliti nivolog trada zavisio deli titloje faktor. Gorojnici njubor razočite glasovje, akcenti i prsi njubovara. Do snimicim obu nasati korišnje mračetit mikrofonje i u razočitim kostorijem. Golatni problem tecaja pozdjenski šum, system koji vejama dobrovadi u tihku kostoriji, nemore da posti nisti rezultat na ulici i utomu bil. Zbog toga, evalovacije sistema nebi trebalo da budo zavstvanana na samo jednom zluštom zakos. Potrnje korisiti više govornika razočite kujeni snimaka i razučite uspoveni. Poretaršnosti, transpljicije, vadnje analizirati we nuzrašavani. Potrošnje memoria i svoj sobno systema da obradjezu dovenom razozotrančni primen."
36,36govornik1.wav,govornik1,veoma_dugi,beli,-5.0,0.9308,93.08,60.99,"Sabremilje sistemijo otamačko prepogljavno in bovara imi u velik dragačni kremu. Mogi se koristiti sa otamačko kradinu transkripeta, sastanka in irisimitiklova, glasomilja sestenta, kradinu mošim velijena sadađe, i pogošanje psipacom se diritana tiskana. Ipač palititi imi korotrado s abi se velikite glede faktor. Borinj cimljore, kada ti te gasole, aksimte i brisimom dovorima. Do ti mnici mogu nasiti korisimom raditi, pepomili i u raditi, pepom kestoriom. Doratni problemi pepomili pozidim si šum, sistem koji vejama dobrojadi u tih pepom kestori, memora da positi mniskje rezultat nevorići i otomu bih. Bok tola, evaluacije systema ne bi prevalo da byli zavsimona na samo i jednom zvićom dapis. Potrne, 40.000 dovoljnika, radi 50.000 i 1.000 dovoljnika i 1.000 dovoljnika. Koretačnosti, perspecije, vajdje na uvićirati vrem izvršavani. Potročni nemoju, iznosomno systemo da radi zviću dovoljnom drga bi zavdje. Nepremem."
36,36govornik1.wav,govornik1,veoma_dugi,pink,-5.0,0.9231,92.31,62.118,"Sabrinovi sestemno za otomatsko prepozavno in bovara in i velik ve dratnične krimi. Mogu se korisiti za otomatsko prepozavno i transkripata, sastanjita, ili se viklova, glasam in sestemne, etrolu mokem elijana, savljeje i pogošanje, ki se pačam se dijitane sestemne. Ipak palite in i poro traba sadi se o dratnične repakite. Gorovići njurov dažići te glasove, aksente i prisim od ovo. Dočnice mogu nasuti korišnim dači, kukatom i raziči, kukat storijom. Gorovnih lovnih pećnega pozimim si šim. Sistim koji veoma dovoladoj tijet kukat storij, ne mora da postim mi je stedizututno u uvrciji i u pomigir. Voktova, ovalovacije sistema nevi trebalo da bude zaskluna na samo i jednom zvićom zaposi. Potrne, kodje sikriviše govornika, raditi i žinja s minuka i rana i bi bi lusko. Koretaršnosti, eksplicije, vajdje naliziriti v nezlošavanje. Potrošteni morije, iznosobno s sistema je obrađe zvić govogom, intrimenu."
36,36govornik1.wav,govornik1,veoma_dugi,beli,-10.0,0.9692,96.92,58.486,"Dostim i se in ovo nasi pričeljišnim gladišnih. Sviro razišnih, sviro stori. Doro tudi trobnih pev to lobočnih staci. Svičan stori veamo da dolavi svićnih pev tolori. Nemo da da popći minustiru svićnih. Dio svićnih dolavi svićnih. Pozdola, da dolavi svićnih sistemu mediti, da dobro da drasno na samoj dojenišnih glat. Pozdognih pev izčeljišnih povolunika, gladišnih pev izčeljišnih. Sviro razišnih. ...toberta, koncijski, politet, vagajno, livečejem decodala... ...devojosti mamoje, testno s dobrojštihem, odavljijo izdu Stevojidu... ...devojבibajo wejudakno vrbana."
36,36govornik1.wav,govornik1,veoma_dugi,pink,-10.0,0.9846,98.46,55.922,"so zblavi, učiši je, učiši je, učiši je. uvojde i pačnog stilje, spili, zilek, haljte, medli, kašar, uvojšte, uvojili, sposom, svić, zilek, uvojili,"
36,36govornik1.wav,govornik1,veoma_dugi,beli,-15.0,1.0,100.0,50.754,
36,36govornik1.wav,govornik1,veoma_dugi,pink,-15.0,1.0,100.0,33.238,
39,39govornik3.wav,govornik3,veoma_dugi,bez šuma,inf,0.4173,41.73,15.016,"Sistim koji obrađu goju realno-vremenu mora da rešava nešto drugači i provimo sistema koji dobije kompleta na odio zapis. Kod klasišne transkrypcije model može da dobije čito snimak i zatim koji obradi. Kod realno-vremena zvuk neprostavno prestiže pa ga je potrebno podeliti na manje delove. A ko koristimo veamo kredke segmente, siste može brzo da prikajže rezultat, ale model ima manje konteksta zapraveno pripoznavania rečenice. Sa drugi stranje ko koristimo duga segmente model dobija više konteksta, ali koristik mora duže da čekan rezultat. Zbog toga izboruje u činja segmenta, prestavija kompromis izmiđu latencije i kvaliteta transkrypcije. Na primer mogu se oporijite segmenti od 2-5-10 sekundi. Da svaku konfiguraciju moguće izmeriti vreme obradi faktor realno-vremena i tašnos konošno-transkrypta. Tako je eksperimento mogućalo da se utvrdi koja konfiguracija prestavija najbolji kompromis za praktičan sistem."
39,39govornik3.wav,govornik3,veoma_dugi,beli,20.0,0.5252,52.52,12.544,"Sistim koji obrađu goju realno-vreminu mora da rešava nešto drugači i provimo sistema koji dobi je kompleta na odio zapis. Ko klasišne transkrypcije model može da dobi je čito snimak i zatim gov radi, koji realno-vremina zvuk je prestavno prestiže, pa ga je potrebno podeliti na manje delove. A ko koristimo veamo kredke segmente, siste može brzo da prikajže rezultat, ali model ima manje konteksta zapraveno prepoznavania rećenice. Sa drugi strane ko koristimo duga segmente model dobi je više konteksta, ali koristik mora duže da čekan na rezultat. Bok toga izboru veločina segmenta restavljava kompromis izmiđu latencije i koljeteta transkrypcije. Na primer mogu se oporejte segmenti od dve peti 10 sekundi, da svaku o figuraciju moguće izmieriti vreme obrade, fakto realno-vremina i tašnos konošno-k transkrypta. Tako je eksperimento mogućalo da se utvrdi koja konfiguracija prestavlja najbolji kompromis za praktičan sistem."
39,39govornik3.wav,govornik3,veoma_dugi,pink,20.0,0.4245,42.45,11.287,"Sistim koji obrađu goju realnom, vremenu mora da rešava nešto drugači i provimo sistema koji dobije kompleta na odio zapis. Ko klasišne transkripsi model može da dobije čito o snimak i zatim govbradi, koji realnom, vremena zvuk, neprostano pristiže pa ga je potrebno podeliti na manje delove. Ako koristimo veamo kredke segmente, siste može brzo da prikajže rezultat, ali model ima manje konteksta zapravila pri poznavania rećenice. Sa drugi stranje, ko koristimo duga segmente, model dobija više konteksta, ali koristik mora duže da čekan rezultat. Bokto ga izboru veločina segmenta, prestavljav kompromis izmiđu latencije i koliteta transkripsije. Na primjer mogu se oporejte segmenti od dve 5-10 sekundi, da svaku konfiguraciju moguće izmeriti vreme obrade faktor realnom, vremena i tašnost konošno-k transkripta. Tako je eksperimento mogućalo da se utvrdi koja konfiguracija prestavlja najbolji kompromis za praktičan sistem."
39,39govornik3.wav,govornik3,veoma_dugi,beli,10.0,0.6187,61.87,11.48,"Sistitiko je obrađu gov je realno, vremeno mora da rešava nešto je drugaću je problemo systema koji dobi je kompleta na odio zapis. Ko klasišne transkrypcij model može da dobi je čito snimat i zatim gov rađi. Ko drjavno, gvremena zvuk je prestino prestiđe, pa ga je potrebno podeliti na manje delare. Ako koristimo veamo kredki segmenti, siste može brzo da prekaj ža je rezultat, ale model ima manje konteksta zapravila preto znala njerećenice. Sve drugi stranja, ko koristimo duga segmente, model dobija gviše konteksta, ali koristik mora duži da čekar na rezultat. Bo to ga izboru veločina segmenta, destavljav kompromis izmiđov. Platenci je i glateta transkrypcije. Na primer mogu se oporijite segmenti od dve, 5-10 sekundi. De svaku, konfiguracju mogu će izmeriti vremeno obrade, faktorealno vremena i tašnost konošnog transkrypta. Tako je eksperimento mogu ćava da se utvrdi koja konfiguracija prestavlja najbolji kompromis na praktičan sistem."
39,39govornik3.wav,govornik3,veoma_dugi,pink,10.0,0.5396,53.96,10.699,"Sistipko je obrađu gojevo realno, v reminu mora da rešava nešto dvegaću provojima sistema koji dobije kompletta na odio zapis. Ko klasišne transkrypcij model može da dobije čito stima, i zatim gov radi, ko je realno, v reminu je zvuk, neprostavno pristiže, pa ga je potrebno podeliti na manje delaju. A ko koristimo velo moh kredke segmente, siste može brzo da prikaže rezultat, ali model ima manje kontexta za pravojno prepoznavania rećenica. Sa drugi stranje, ko koristimo duga segmente, model dobija više kontexta, ali koristik mora duže da čekan na rezultat. Bo toga izboruje u činja segmenta, da stavljav kompromis izmiđu, latenci je i godite tata transkrypcije. Na primer mogu se oporejte segmenti od dle 5-10 kundi, da svaku konfiguraciju moguće izmeriti vreme obrade, fakto realno dvremena i tačnost konošnika transkrypta. Tako je eksperimento mogućala da se utvrdi koja konfiguracija prestavlja najbolji kompromis za praktičan sistem."
39,39govornik3.wav,govornik3,veoma_dugi,beli,5.0,0.6187,61.87,11.603,"Sistipi obrađu dojoj realno-gremeno mora da rešava neštoću veći prolimo sistima, koji dobije kompleta na odiozatis. Kog klasišne transkrypcij model može da dobije čito stima, i zatrga obrađi. Kod realno-gremena zluk neprestina prestiđe, pa ga je potrebno u kodeliti na manje delara. A kog koristimo veamo predkajte segmente, sistim može brzi da prikajte rezultat, ali modelima manje kontekst za pravlino prepoznalanje rećemice. Sa drugi stranje, kog koristimo duga segmente, model dobija grijše konteksta, ali koristik mora duži da čekan rezultat. Bo toga izboruje u činja segmenta, da stavljav kompromis izmiđu, platencije i igliteta transkrypcije. Na primer mogu se oporejte segmente od dvek 5-10 sekundi. Da svaku o figuraciju moguće izmeriti vrijeme obrade, fakto realno-gremena i tašnos konašnog transkrypta. Tako eksperimento mogućala da se utvrdi koja konfiguracija prestavlja najbili kompromis na praktičan sistem."
39,39govornik3.wav,govornik3,veoma_dugi,pink,5.0,0.6906,69.06,11.767,"Sistipku je brađu govo je realno, vremeno mora da rešava nešto je dvegaću je pravo ima systema koji dobi je kompleta na odio zapis. Ko klasišne transkrypcije, model može da dobi je čite oslimat i zatil je gov gradi. Kodrealno, gorema je na zvuk, nepresta je na prestiže, pa ga je potrebno podeliti na manje delaju. Ako koristimo, velo ma pravdke segmente, sistim može brzivno trikaže rezultat, ale model ima manje kontekstav za pravo ima prepoznavanje rečanice. Sa drugi stranja, kao koristimo duga segmente, model dobi je vše konteksta, ale koristik mora doži da čekan rezultat. Bo toga izboruje u činja segmenta, e stavljav kompromis izmiđu latencije i iglediteljte transkrypcije. Na primer mogu se oporejte segmente od dvep 50 sekundi. Da svaku, pa figuraciju moguće izmeriti vrijeme okradi, fakto realno vremena i tašnos koja našnog transkrypta. Tako je eksperimento mogućao da se utvrdi koja konfiguracija prestavlja najbolj kompromis na praktičan sistem."
39,39govornik3.wav,govornik3,veoma_dugi,beli,0.0,0.8993,89.93,27.279,"sistitđu obradi, bo je deo velo urajemy, u ovrej no se rebu rebu rešala nastospit dživacša i pravi na sistemoku i gaude kontrake na odio zapis. sem je krpa, klasične, transpricite, modo je možete dalinga je čito stnać i zaprojan, oddrejone zmu napravstina priskriđa je potrinovo kodijate ini ma unijede. A Krutaviskino gledama pred karabas su je Brena te sistaka je možete zpricen na pokrađa je rezultat, ale modo je imi ma nije kontekstel zapravljana proznala njerečanice, se drugi stranja, kotoristima, duga sementa, mogu gobi ja grijši konteksta, ali koristik mora drži da čakrna je zvita. Bo toga iberuje činja sementa, dostavljav kompromisi zmiđov, latenci je i valeteta transkrići. Na primer mogu se korite sementi od 5-10 sekundi. Resvapu, kot i biraciju mogući izmeriti vrijeme obradi, fakto realnu vremena i tačnost konošnog transkrića. Tako je eksperimento negučala, da se obradi koja konfiguracije, prestavljavljav najbolj kompromis na prakničan sistem."
39,39govornik3.wav,govornik3,veoma_dugi,pink,0.0,0.8129,81.29,26.686,"sestitv je obražiog je ovil, uvrejo je nomeno rećava na što je dvljaćši problemi metrati je proti na audio zapis. Akrasišnim transkorecij moji je možede doblije čitosti i na dvlješnje i zatrgao gradi. Podgjalne goreme na zvuk neprosti na presteži, kad je potrinov, kad je dajete na manje galje. A koristimo, ovje ona pre vkredke segnite, sestimoži je bozimo pokražaja rezultat, ale moji je ima manje contextet za pravlini protozavanii rećenici. se druga strana, ku koristima, doga sementa, moda dobija vriše kompresta, ali koristik mora doži da čekar nazi otak. Moj toga izboruje učenja sementa, nastavlja komprimi se zmiđu latencije i gledeta transkrycije. Na primer mogu se uparajte sementi od dle 5-10 sekundi. Da svapu, na figuracu, moguće izmeriti vreme obromi, halte realno brimina i tašnos po našnog transkryta. Tako je eksperimento, modicalo da se utvrdi koja konfiguracija prestavlja najbolji komprimi na praktične sista."
39,39govornik3.wav,govornik3,veoma_dugi,beli,-5.0,1.036,103.6,54.852,"sestete bi ogradji go je regljavno, regljavno je morav, je a ova načke, pigajt še, travojno sestanja pri kogi dan to, kanalji je zapis. I pasiša, konskriksi, moge novi dobajne, še to stima. I za pri kogi, dano. Degljavno, gremio, zvud, nagrosti nata, isto izlep, pega je poprino, pega je te, ne manj je galje. A pri kogi, se gremio, regljavno bravi, sednu je, pri kogi, se stima, regljavno je, grebe, a imo da ima manje konteske za pravlja koja da ima rećenci. Se drugi spranja, tako risti, medili se mentke, no se dobrojali še konteske, ali koristit mora, dobrojali še kao nerje, tako da ima i dobrojali čena se menta, nestavljali kontrmi, sidljili fatencije i i bojke, tako transpricije. Na primi roli se prije se mentke verbi, verbi 10 sekundi. Koslati, tako bi raćsi, mogaći izmereći vreme obranje, macto realno, vremena i kažno svojno što transkejte. Kako eksperimento nabicalo, da se je pali, koja konfiguracije, prostajo nabili kontrolis na trafićom sistem."
39,39govornik3.wav,govornik3,veoma_dugi,pink,-5.0,0.9856,98.56,24.758,i navali kompris i opraviti svi.
39,39govornik3.wav,govornik3,veoma_dugi,beli,-10.0,0.9784,97.84,47.937,da je nad bilo kontaravnice na pravdku čan system.
39,39govornik3.wav,govornik3,veoma_dugi,pink,-10.0,1.0,100.0,67.111,"nebuni, nebuni, nebuni."
39,39govornik3.wav,govornik3,veoma_dugi,beli,-15.0,1.0,100.0,46.357,
39,39govornik3.wav,govornik3,veoma_dugi,pink,-15.0,1.0,100.0,22.398,
