Tip šuma,SNR [dB],Broj_testova,Prosecan_WER,Medijana_WER,Prosecno_vreme
beli,-15.0,10,100.667,100.0,19.342
beli,-10.0,10,115.335,114.81,21.104
beli,-5.0,10,95.856,93.33,19.862
beli,0.0,10,82.741,83.335,7.374
beli,5.0,10,65.844,65.025,3.955
beli,10.0,10,58.752,64.27,3.994
beli,20.0,10,48.162,52.415,3.974
pink,-15.0,10,99.32,100.0,10.974
pink,-10.0,10,104.56,100.0,25.056
pink,-5.0,10,101.763,101.615,19.976
pink,0.0,10,82.696,80.16,8.513
pink,5.0,10,63.38,66.18,4.08
pink,10.0,10,59.058,61.795,3.841
pink,20.0,10,50.711,53.155,3.862
