Grupa_duzine,Tip šuma,SNR [dB],Broj_testova,Prosecan_WER
dugi,beli,-15.0,2,100.0
dugi,beli,-10.0,2,114.81
dugi,beli,-5.0,2,97.69
dugi,beli,0.0,2,94.6
dugi,beli,5.0,2,72.31
dugi,beli,10.0,2,55.92
dugi,beli,20.0,2,49.24
dugi,pink,-15.0,2,100.0
dugi,pink,-10.0,2,103.34
dugi,pink,-5.0,2,112.96
dugi,pink,0.0,2,90.35
dugi,pink,5.0,2,73.87
dugi,pink,10.0,2,60.86
dugi,pink,20.0,2,58.28
kratki,beli,-15.0,3,102.22
kratki,beli,-10.0,3,120.0
kratki,beli,-5.0,3,97.93
kratki,beli,0.0,3,81.27
kratki,beli,5.0,3,66.35
kratki,beli,10.0,3,57.14
kratki,beli,20.0,3,45.24
kratki,pink,-15.0,3,100.0
kratki,pink,-10.0,3,113.49
kratki,pink,-5.0,3,97.78
kratki,pink,0.0,3,90.63
kratki,pink,5.0,3,57.3
kratki,pink,10.0,3,63.81
kratki,pink,20.0,3,47.62
srednji,beli,-15.0,3,100.0
srednji,beli,-10.0,3,122.99
srednji,beli,-5.0,3,90.9
srednji,beli,0.0,3,78.16
srednji,beli,5.0,3,63.53
srednji,beli,10.0,3,61.31
srednji,beli,20.0,3,47.53
srednji,pink,-15.0,3,97.73
srednji,pink,-10.0,3,100.0
srednji,pink,-5.0,3,102.51
srednji,pink,0.0,3,72.82
srednji,pink,5.0,3,60.16
srednji,pink,10.0,3,55.52
srednji,pink,20.0,3,50.72
veoma_dugi,beli,-15.0,2,100.0
veoma_dugi,beli,-10.0,2,97.38
veoma_dugi,beli,-5.0,2,98.34
veoma_dugi,beli,0.0,2,79.96
veoma_dugi,beli,5.0,2,62.09
veoma_dugi,beli,10.0,2,60.16
veoma_dugi,beli,20.0,2,52.42
veoma_dugi,pink,-15.0,2,100.0
veoma_dugi,pink,-10.0,2,99.23
veoma_dugi,pink,-5.0,2,95.44
veoma_dugi,pink,0.0,2,77.96
veoma_dugi,pink,5.0,2,66.84
veoma_dugi,pink,10.0,2,55.44
veoma_dugi,pink,20.0,2,47.76
