Govornik,Tip šuma,SNR [dB],Broj_testova,Prosecan_WER
govornik1,beli,-15.0,4,100.0
govornik1,beli,-10.0,4,104.47
govornik1,beli,-5.0,4,94.81
govornik1,beli,0.0,4,72.11
govornik1,beli,5.0,4,69.26
govornik1,beli,10.0,4,60.7
govornik1,beli,20.0,4,47.81
govornik1,pink,-15.0,4,99.19
govornik1,pink,-10.0,4,101.4
govornik1,pink,-5.0,4,104.53
govornik1,pink,0.0,4,74.99
govornik1,pink,5.0,4,68.86
govornik1,pink,10.0,4,61.12
govornik1,pink,20.0,4,55.04
govornik2,beli,-15.0,2,103.34
govornik2,beli,-10.0,2,132.98
govornik2,beli,-5.0,2,89.52
govornik2,beli,0.0,2,83.69
govornik2,beli,5.0,2,38.1
govornik2,beli,10.0,2,38.1
govornik2,beli,20.0,2,28.93
govornik2,pink,-15.0,2,98.22
govornik2,pink,-10.0,2,116.66
govornik2,pink,-5.0,2,97.15
govornik2,pink,0.0,2,77.02
govornik2,pink,5.0,2,39.64
govornik2,pink,10.0,2,36.07
govornik2,pink,20.0,2,22.26
govornik3,beli,-15.0,4,100.0
govornik3,beli,-10.0,4,117.38
govornik3,beli,-5.0,4,100.07
govornik3,beli,0.0,4,92.9
govornik3,beli,5.0,4,76.3
govornik3,beli,10.0,4,67.14
govornik3,beli,20.0,4,58.13
govornik3,pink,-15.0,4,100.0
govornik3,pink,-10.0,4,101.67
govornik3,pink,-5.0,4,101.3
govornik3,pink,0.0,4,93.24
govornik3,pink,5.0,4,69.76
govornik3,pink,10.0,4,68.49
govornik3,pink,20.0,4,60.61
