Chunk size [s],Broj,Audio,Govornik,Trajanje audio [s],Broj chunkova,Ukupno vreme obrade [s],Ukupni RTF,Prosečna latencija chunk-a [s],Medijana latencije chunk-a [s],P95 latencija chunk-a [s],Maksimalna latencija chunk-a [s],Estimated TTFR [s],Chunkovi sa RTF < 1 [%],Maksimalni queue delay [s],Maksimalni result delay [s],Final tail delay [s],WER [%],Referenca,Transkript
2,36,36govornik1.wav,govornik1,69.01,35,27.099,0.3927,0.774,0.767,0.814,0.86,2.86,100.0,0.0,0.86,0.764,81.54,"Savremeni sistemi za automatsko prepoznavanje govora imaju veliki broj praktičnih primena. Mogu se koristiti za automatsko pravljenje transkripata sastanaka, generisanje titlova, glasovne asistente, pretragu multimedijalnog sadržaja i poboljšanje pristupačnosti digitalnih sistema. Ipak, kvalitet njihovog rada zavisi od velikog broja faktora. Govornici imaju različite glasove, akcente i brzine govora, dok snimci mogu nastati korišćenjem različitih mikrofona i u različitim prostorijama. Dodatni problem predstavlja pozadinski šum. Sistem koji veoma dobro radi u tihoj prostoriji ne mora da postigne isti rezultat na ulici ili u automobilu. Zbog toga evaluacija sistema ne bi trebalo da bude zasnovana na samo jednom zvučnom zapisu. Potrebno je koristiti više govornika, različite dužine snimaka i različite uslove. Pored tačnosti transkripcije, važno je analizirati vreme izvršavanja, potrošnju memorije i sposobnost sistema da obrađuje zvuk dovoljno brzo za praktičnu primenu.","Savrimini sistem iz automacko pr... poznavenje govara i my je velik. proje praktyčnih primena. Mogu se koristiti za automansko pra... pravljene transkripata. sastanka generisant it. titlova, glasa neasi. pretrgo multimedial. do nuk sadržaja i pobošanje... vrstva pačnosti digitalne existem. i pak kvalitet njiho zavisili od velikog brojefar. Vaktor, goriniti i mi ur... razili taj glasove accent. i brzineg ovora. Do snimci mogu nastati korišni. i urat. zetřitim prostorijem. problom predstavljaj pozadinskišku. Dobro radi u tihu i prostori nemorad. postignijesti rezultat na ulici. i otomu bilo. Zbog toga, Evaluacija System... ne bi trebalo da bude zastanan. na samo jednom zvorskom zapisu. potrano korisiti vije šegu. rada je to je to je. i razečite u slor. Pore taršnosti, tira. na skripsije, varno analizirati. zvršavajne potrošta. i sprozobno systemat. da obradio zvuk dovenom brazo zaprak. kakci s nupri imenu."
2,37,37govornik2.wav,govornik2,82.431,42,36.377,0.4413,0.866,0.762,2.096,2.198,2.747,92.86,0.332,2.493,2.493,252.48,"Kada govorimo o performansama modela za prepoznavanje govora, postoje dve različite stvari koje želimo da postignemo. Prva je što tačniji transkript, a druga što efikasnije izvršavanje. Veći model može bolje da prepozna komplikovane rečenice ili govor u težim uslovima, ali istovremeno može zahtevati mnogo više memorije i vremena. Manji model može biti nešto manje precizan, ali dovoljno brz da se koristi na običnom laptopu. Kvantizacija predstavlja još jedan način optimizacije jer omogućava korišćenje numeričkog formata manje preciznosti. Time se može smanjiti količina potrebne memorije i ubrzati obrada. Međutim, svaka optimizacija mora da bude eksperimentalno proverena. Nije dovoljno pokazati da je jedna konfiguracija brža. Potrebno je proveriti i da li je njena tačnost ostala prihvatljiva. Upravo zato se koriste metrike kao što su Word Error Rate, latencija i Real-Time Factor, koje omogućavaju da različite konfiguracije modela budu upoređene na objektivan način.","Kada govorimo ooper. Zalajte stvari koje želimo do... postignemo. Prvoje što tacznje i traz. s kript a druga što je fika. s ne izvršalani. Veći model može polje da pre. komplikovane rečenit. i li govor u težim us. svojima ali je stovremeno mori... za htevati mnogo više memori. i vremena. Mani model, može biti nešto... ovo se ovo se ovo se ovo se ovo se ovo se ovo se ovo se ovo se ovo se ovo se ovo se ovo se ovo se ovo se ovo se ovo se ovo se ovo se ovo se ovo se ovo se ovo se ovo se ovo se ovo se ovo se ovo se ovo se ovo se ovo se ovo se ovo se ovo se ovo se ovo se ovo se ovo se ovo se ovo se ovo se ovo se ovo se ovo se ovo se ovo se ovo se ovo se ovo se ovo se ovo se ovo se ovo se ovo se ovo se ovo se ovo se ovo se ovo se ovo se ovo se ovo se ovo se ovo se ovo se ovo se ovo se ovo se ovo se ovo se ovo se ovo se ovo se ovo se o da se koristi na ovog. na laptopu. Quantizacija prestavlja jo... svoj svoj svoj svoj svoj svoj svoj svoj svoj svoj svoj svoj svoj svoj svoj svoj svoj svoj svoj svoj svoj svoj svoj svoj svoj svoj svoj svoj svoj svoj svoj svoj svoj svoj svoj svoj svoj svoj svoj svoj svoj svoj svoj svoj svoj svoj svoj svoj svoj svoj svoj svoj svoj svoj svoj svoj svoj svoj svoj svoj svoj svoj svoj svoj svoj svoj svoj svoj svoj svoj svoj svoj svoj svoj s i je omogućava korištje. Numerit kok formata. manje preciznosti. time se može smanje tikoli. činapotrebne memoria i u... obra da. medjutim svakop. otimizacija mora da bude ex. experimentalno proverena. Mi je dovoljno pokazati. jedna konfiguracija. Potrebno je proveriti. da li je nje na tacnost ostala. prihvatljiva. sato se koriste metrike. kao što suvor d'eror Latentia i reaun tim, factor kudi. ovojom obučavaju da različiteko. ovo je je modela budu. u poridjene na objektiva nac. Svrče, srče, srče, srče, srče, srče, srče, srče, srče, srče, srče, srče, srče, srče, srče, srče, srče, srče, srče, srče, srče, srče, srče, srče, srče, srče, srče, srče, srče, srče, srče, srče, srče, srče, srče, srče, srče, srče, srče, srče, srče, srče, srče, srče, sr"
2,38,38govornik2.wav,govornik2,64.459,33,28.081,0.4356,0.851,0.764,1.369,2.225,2.743,93.94,0.285,2.51,2.51,275.91,"Prošle nedelje imao sam prilično ispunjen dan. Ujutru sam ustao ranije jer sam morao da završim nekoliko obaveza pre odlaska u grad. Posle doručka proverio sam poruke, pripremio stvari koje su mi bile potrebne i krenuo automobilom. Na putu je bilo više saobraćaja nego što sam očekivao, pa mi je trebalo skoro pola sata da stignem do centra. Prvo sam otišao do prodavnice, zatim do banke, a nakon toga sam se našao sa prijateljem kojeg nisam video nekoliko meseci. Razgovarali smo o poslu, putovanjima i planovima za narednu godinu. Posle ručka vreme se iznenada promenilo i počela je jaka kiša. Sačekali smo nekoliko minuta da se vreme malo smiri, a onda smo krenuli kući. Kada sam se vratio, nastavio sam da radim na računaru. Uveče sam završio preostale obaveze i odlučio da ostatak dana provedem odmarajući se.","Prošla ne delje imosa. prilečno je spunjen dan. u jutru sam usto oranije. sa mora od a završim nekolik. koba ve za pre odlaska u grad. posledo doručka pro... Samporu, ki pripremijos. svoj stvari koji su mi by le potrebne. i krenu automobilom. Na puto je bilo vi... i se obraće negošto samocin. pa mi je treba lo skoro... Prvo sam otiš... do prodavnice zatim do ba... a na kontoga sam se naš. sa prijatelj koje gnije. video nekoliko mesici. Rozgovarali smo opov. slu putovanjima i planovi maza. za narednu godinu. posledučka vreme se iznana. da promenilo i počelo je jac. Sajčakali. o nekoliko menuta da se vreme ma... malo smiri, a onda smo krenuli. na stavio 8. da radim na rato unaro. svoj se se se se se se se se se se se se se se se se se se se se se se se se se se se se se se se se se se se se se se se se se se se se se se se se se se se se se se se se se se se se se se se se se se se se se se se se se se se se se se se se se se se se se se se se se se se se se se se se se se se se se se se se se se se se se se se se se se se se se se se se se se se se se se se se se se se se se se se se se se se se se se se se se se se se se se se se se se se se se se se se se se se se se se se se se se se se se se se se se se se se se se se se se se se se se se se se se se se se se se se se se se se se se se se se se se se se se se se se se se se se i odluči odostata kdana. prvo videm odmarajucise. Sve, sve, sve, sve, sve, sve, sve, sve, sve, sve, sve, sve, sve, sve, sve, sve, sve, sve, sve, sve, sve, sve, sve, sve, sve, sve, sve, sve, sve, sve, sve, sve, sve, sve, sve, sve, sve, sve, sve, sve, sve, sve, sve, sve, sve, sve, sve, sve, sve, sve, sve, sve, sve, sve, sve, sve, sve, sve, sve, sve, sve, sve, sve, sve, sve, sve, sve, sve, sve, sve, sve, sve, sve, sve, s"
2,39,39govornik3.wav,govornik3,62.613,32,25.975,0.4149,0.812,0.769,0.823,2.175,2.795,93.75,0.175,2.175,0.893,242.45,"Sistem koji obrađuje govor u realnom vremenu mora da rešava nešto drugačiji problem od sistema koji dobije kompletan audio zapis. Kod klasične transkripcije model može da dobije čitav snimak i zatim ga obradi. Kod realnog vremena zvuk neprestano pristiže, pa ga je potrebno podeliti na manje delove. Ako koristimo veoma kratke segmente, sistem može brzo da prikaže rezultat, ali model ima manje konteksta za pravilno prepoznavanje rečenice. Sa druge strane, ako koristimo duge segmente, model dobija više konteksta, ali korisnik mora duže da čeka na rezultat. Zbog toga izbor veličine segmenta predstavlja kompromis između latencije i kvaliteta transkripcije. Na primer, mogu se uporediti segmenti od dve, pet i deset sekundi. Za svaku konfiguraciju moguće je izmeriti vreme obrade, faktor realnog vremena i tačnost konačnog transkripta. Takav eksperiment omogućava da se utvrdi koja konfiguracija predstavlja najbolji kompromis za praktičan sistem.","System, kde brad je gore, ja no ne vrm... da sa da sa da sa da sa da sa da sa da sa da sa da sa da sa da sa da sa da sa da sa da sa da sa da sa da sa da sa da sa da sa da sa da sa da sa da sa da sa da sa da sa da sa da sa da sa da sa da sa da sa da sa da sa da sa da sa da sa da sa da sa da sa da sa da sa da sa da sa da sa da sa da sa da sa da sa da sa da sa da sa da sa da sa da sa da sa da sa da sa da sa da sa da sa da sa da sa da sa da sa da sa da sa da sa da sa da sa da sa da sa da sa da sa da sa da sa da sa da sa da sa da sa da sa da sa da sa da sa da sa da sa da sa da sa da sa da sa da sa da sa da sa da sa da sa da sa da sa da sa da sa da sa da sa sa da sa da sa da sa da sa da sa da sa da sa da sa s temak oj dobi kompat... da je tabla odio zapis kukla Transkrypti je modem. oši da dobije čitostnima. i zatim goberadi, kodrjavno... njiži pa ga je potrebno podijeliti nemanje. s da je ljudi. da prikaj žeg rezultat, ali modem... da li ima manje kontexta za prav... u pravimo pripoznala njerečenica. sad drugi strane koji koristimo duga se... ali koristik mora duži dač... s buk toga iz... svoj roba je učinje segmenta, prestavlj... kompromisizmi dio platenci i igledajte ta transkrypcija. na primer mogen su porijete se kmen... Drip 15 sekundi. su se su se su konfiguracijo, mogod će izmeri... Vremi obradi, faktor realno. i tajšnost. konošno kotranskripta. experimento, mogučalo da si utvar... da je konfigurati prestavili. da je najbolj kompromis za prakti... sista."
2,40,40govornik3.wav,govornik3,79.772,40,31.889,0.3997,0.797,0.767,0.808,2.168,2.719,97.5,0.168,2.168,0.746,250.0,"Cilj eksperimentalne analize sistema za automatsko prepoznavanje govora jeste da se utvrdi kako različiti faktori utiču na njegov rad. Možemo menjati veličinu modela, nivo pozadinskog šuma, jezik govornika, parametre dekodiranja, način kvantizacije ili korišćenje algoritma za detekciju govora. Svaki eksperiment treba organizovati tako da možemo jasno da utvrdimo posledice određene promene. Rezultati se zatim mogu posmatrati kroz više metrika. Word Error Rate pokazuje koliko se prepoznati tekst razlikuje od tačnog referentnog transkripta. Latencija pokazuje koliko vremena je potrebno za obradu, dok Real-Time Factor povezuje vreme obrade sa trajanjem samog zvučnog zapisa. Potrošnja memorije je posebno značajna kada model treba da radi na uređajima sa ograničenim resursima. Kombinovanjem ovih rezultata možemo da pronađemo konfiguraciju koja ne mora biti najbolja prema svakoj pojedinačnoj metrici, ali predstavlja dobar kompromis između tačnosti, brzine i potrebnih računarskih resursa.","cil experimentan analizis. svetima z automaticku propoznavajne govara je... su tvoj arde kakoraz... da se se ti faktor u ticu na njegov radi. možemo menjati vjel třinu mo... Dala, nival! Pozadinsku kšuma, jezi go... uderajem način quantizat... i koristinja algoritma zade tek to je u gora. Svaki experiment treba on... i tako da možemo jasno do to. da se se se se se se se se se se se se se se se se se se se se se se se se se se se se se se se se se se se se se se se se se se se se se se se se se se se se se se se se se se se se se se se se se se se se se se se se se se se se se se se se se se se se se se se se se se se se se se se se se se se se se se se se se se se se se se se se se se se se se se se se se se se se se se se se se se se se se se se se se se se se se se se se se se se se se se se se se se se se se se se se se se se se se se se se se se se se se se se se se se se se se se se se se se se se se se se se se se se se se se se se se se se se se se se se se se se se se se se se se se se se se se Romin resultati se zatim mogu posmetrat. kroz više metri. Voreno... a rate, pokazili kog Pripo se prepoznatite tekstrum. svoji je otočno referentno. transkrypto. Latenzi pokazili koliko vremilne potrebno do kaj arali. time factor po... ovez divreme obra desi da tranjem samog zvursi... zapisa. i poslivno značina, kado model treba... da je da da radi na... urodjem aso odranicljenim resorsim. Kompijeno ovo je je choo svoj. da tam ožima da popronadjima konfigurati. koja ne mora biti najbolje prema. Svakoj, podimajš noi. Metrici ali prestavljali. dobro kompromis i zmini u tada. Čičnosti brzine i potrebnih. ročinarski kao se urse."
5,36,36govornik1.wav,govornik1,69.01,14,12.251,0.1775,0.875,0.876,0.917,0.918,5.882,100.0,0.0,0.918,0.901,68.46,"Savremeni sistemi za automatsko prepoznavanje govora imaju veliki broj praktičnih primena. Mogu se koristiti za automatsko pravljenje transkripata sastanaka, generisanje titlova, glasovne asistente, pretragu multimedijalnog sadržaja i poboljšanje pristupačnosti digitalnih sistema. Ipak, kvalitet njihovog rada zavisi od velikog broja faktora. Govornici imaju različite glasove, akcente i brzine govora, dok snimci mogu nastati korišćenjem različitih mikrofona i u različitim prostorijama. Dodatni problem predstavlja pozadinski šum. Sistem koji veoma dobro radi u tihoj prostoriji ne mora da postigne isti rezultat na ulici ili u automobilu. Zbog toga evaluacija sistema ne bi trebalo da bude zasnovana na samo jednom zvučnom zapisu. Potrebno je koristiti više govornika, različite dužine snimaka i različite uslove. Pored tačnosti transkripcije, važno je analizirati vreme izvršavanja, potrošnju memorije i sposobnost sistema da obrađuje zvuk dovoljno brzo za praktičnu primenu.","Savrimini sistemi z automacko prepoznavanja govara, imaju velik broje praktičnih. Mogu se koristiti z automansko pravljenje transkripata. sastanka generisajne titlova, glasov neasistente, pret... tragu multimerialno-k sadržaja i povojšanje pristoparšnacije digitalne systema. Ipak kvalitet njihovo grada, zavisio od velekog broje faktor. u gornici i mjur razečite glasove, akcenti i brzine govora. Do hsnemcim mogu nasati koristjenjem račetih mikrofon je i u razečetim prostorije. Dalatnim problem predstavlja pozadnijski šum, system koji veoma da... Dobro radi u tihvi prostoriji ne mora da postigniji i sti rezultat na ulici i utama bi... Zbog toga, evaluvacije sistema ne bi trebalo da budi zastomana. na samo jednom zvušnom zapisu. Potrano korisiti vije še govornika. razečite tuži ne snima ka i razečite u stlode. Po red taršnosti... s kripcije važno analizirati vremi izvršavanja. Potrošnjuma morije i sp... svojno sistema da obradio i zvuku dovo i nambrzo za praktično primeno."
5,37,37govornik2.wav,govornik2,82.431,17,14.681,0.1781,0.864,0.869,0.944,0.959,5.84,100.0,0.0,0.959,0.747,53.19,"Kada govorimo o performansama modela za prepoznavanje govora, postoje dve različite stvari koje želimo da postignemo. Prva je što tačniji transkript, a druga što efikasnije izvršavanje. Veći model može bolje da prepozna komplikovane rečenice ili govor u težim uslovima, ali istovremeno može zahtevati mnogo više memorije i vremena. Manji model može biti nešto manje precizan, ali dovoljno brz da se koristi na običnom laptopu. Kvantizacija predstavlja još jedan način optimizacije jer omogućava korišćenje numeričkog formata manje preciznosti. Time se može smanjiti količina potrebne memorije i ubrzati obrada. Međutim, svaka optimizacija mora da bude eksperimentalno proverena. Nije dovoljno pokazati da je jedna konfiguracija brža. Potrebno je proveriti i da li je njena tačnost ostala prihvatljiva. Upravo zato se koriste metrike kao što su Word Error Rate, latencija i Real-Time Factor, koje omogućavaju da različite konfiguracije modela budu upoređene na objektivan način.","Kada govorimo o performansama modela za prepoznavanie govora, Postuje dve različite stvari koje želimo da postignemo. Prveje što tačnje i transcript, a druga što je fikastnje izvršava. Veti model može boljede prepozna komplikovanje rečenic. i ljegovor u težim uslovima, ali isto vremeno može za tve tim nob... ko više memoria i времena. Mani model može biti nešto... u manje precizen, ali dovoljno brz da se koristi na običnom laptopu. Quantizacija prestavlja još jedan način optimizacija. je je omogućava korištine numeric kok formata, manje pretzili. time se može smanje tikoli činna potrebne memoria i u... obraza ti obrada. Medi utim, svaka optimizacija mori... da bude experimentalno proverena. Mi je dovoljno pokazati... i jedna konfiguracija broža. Potrebno je proveriti dalje njena t... u pravzato se koriste metrike. kao što su vord error, rat, latensija i real team. Factor kojo mogučavaju da razlicite konfiguracije modela budu u... u poridjene na objektiva naci."
5,38,38govornik2.wav,govornik2,64.459,13,11.233,0.1743,0.864,0.861,0.904,0.906,5.9,100.0,0.0,0.906,0.856,58.39,"Prošle nedelje imao sam prilično ispunjen dan. Ujutru sam ustao ranije jer sam morao da završim nekoliko obaveza pre odlaska u grad. Posle doručka proverio sam poruke, pripremio stvari koje su mi bile potrebne i krenuo automobilom. Na putu je bilo više saobraćaja nego što sam očekivao, pa mi je trebalo skoro pola sata da stignem do centra. Prvo sam otišao do prodavnice, zatim do banke, a nakon toga sam se našao sa prijateljem kojeg nisam video nekoliko meseci. Razgovarali smo o poslu, putovanjima i planovima za narednu godinu. Posle ručka vreme se iznenada promenilo i počela je jaka kiša. Sačekali smo nekoliko minuta da se vreme malo smiri, a onda smo krenuli kući. Kada sam se vratio, nastavio sam da radim na računaru. Uveče sam završio preostale obaveze i odlučio da ostatak dana provedem odmarajući se.","Prošla nedelje ima osam prilečno izpunjen dan. U jutru sam u... i jer sam moro od a završim nekoliko obave za pre odlaska u grama. Po slidoručka, proverijo sam poruke, pripremijo stvari koji sumi. i byle potrebne i kreno automobilo. Pisne sabrecie negošto samo čekivo. Pamije trebalo skoro polasate do... da si inem do centra. Prvovo sam oty šo do prodavnice, zatim do ba... a nakon toga sam se našao sa prijetili koje gnjih sam video nekod... svojili komesici. Rozgovarali smo oposlu putovanjima i planovima... zanarjednu godinu. Posli rucka, vreme si iznena da promenilo. počela je jaka kiša. Saczekali smo nekoliko minuta, da se vreme ma... kada se vratio. Nastavijo sam da radim na ročunaru. Uvici sam zavrošijo preostale obavir... i odluči od ostatak dana, provedem odmarajući se."
5,39,39govornik3.wav,govornik3,62.613,13,13.408,0.2141,1.031,0.942,1.536,2.296,5.943,100.0,0.0,2.296,0.842,228.06,"Sistem koji obrađuje govor u realnom vremenu mora da rešava nešto drugačiji problem od sistema koji dobije kompletan audio zapis. Kod klasične transkripcije model može da dobije čitav snimak i zatim ga obradi. Kod realnog vremena zvuk neprestano pristiže, pa ga je potrebno podeliti na manje delove. Ako koristimo veoma kratke segmente, sistem može brzo da prikaže rezultat, ali model ima manje konteksta za pravilno prepoznavanje rečenice. Sa druge strane, ako koristimo duge segmente, model dobija više konteksta, ali korisnik mora duže da čeka na rezultat. Zbog toga izbor veličine segmenta predstavlja kompromis između latencije i kvaliteta transkripcije. Na primer, mogu se uporediti segmenti od dve, pet i deset sekundi. Za svaku konfiguraciju moguće je izmeriti vreme obrade, faktor realnog vremena i tačnost konačnog transkripta. Takav eksperiment omogućava da se utvrdi koja konfiguracija predstavlja najbolji kompromis za praktičan sistem.","System, koji obrađa go je u realnom, vreminu mora da rešala nešto drugači i prolimo systema koji... i dobi je kompletna odio zapis. Kod klasišne transkrypcie modom. i zatim goberadi. je prestavno prestiže, pa ga je potrebno podelite je na manje delovje. A ku koristimo ve... učakamo kredke segmente, systemože brzva da prikaj željte rezultat, ali modeli ma manje. kontekstva zapravila pri poznavania rečenice. Sa druga strana kako koristimu duga se... ovo je da je da je da je da je da je da je da je da je da je da je da je da je da je da je da je da je da je da je da je da je da je da je da je da je da je da je da je da je da je da je da je da je da je da je da je da je da je da je da je da je da je da je da je da je da je da je da je da je da je da je da je da je da je da je da je da je da je da je da je da je da je da je da je da je da je da je da je da je da je da je da je da je da je da je da je da je da je da je da je da je da je da je da je da je da je da je da je da je da je da je da je da je da je da je da je da je da je da je da je da je da je da je da je da je da je da je da je da je da je da je Zbog toga izboru veločine segmenta, prestavljav kompromis izmiđu, platenci... i i kodeteta transkripcija. Na primer mógu su parajte segmenti od 2... 5-10 sec. Lest faci u konfiguraciju, mogu će izmeri... učit i vrijeme obradi, faktor realno-g vrijemena i tašnost konošno-kotranskrib. tako je experimento mugu ceva da se utvrdi koja konfiguracija prestavlja nevojili kompromis za prakticin system."
5,40,40govornik3.wav,govornik3,79.772,16,16.513,0.207,1.032,0.911,1.564,2.896,5.954,100.0,0.0,2.896,0.907,223.88,"Cilj eksperimentalne analize sistema za automatsko prepoznavanje govora jeste da se utvrdi kako različiti faktori utiču na njegov rad. Možemo menjati veličinu modela, nivo pozadinskog šuma, jezik govornika, parametre dekodiranja, način kvantizacije ili korišćenje algoritma za detekciju govora. Svaki eksperiment treba organizovati tako da možemo jasno da utvrdimo posledice određene promene. Rezultati se zatim mogu posmatrati kroz više metrika. Word Error Rate pokazuje koliko se prepoznati tekst razlikuje od tačnog referentnog transkripta. Latencija pokazuje koliko vremena je potrebno za obradu, dok Real-Time Factor povezuje vreme obrade sa trajanjem samog zvučnog zapisa. Potrošnja memorije je posebno značajna kada model treba da radi na uređajima sa ograničenim resursima. Kombinovanjem ovih rezultata možemo da pronađemo konfiguraciju koja ne mora biti najbolja prema svakoj pojedinačnoj metrici, ali predstavlja dobar kompromis između tačnosti, brzine i potrebnih računarskih resursa.","Ziel, eksperimentalne, elizi, sistima zutomatsko, propoznomavni, govara, jeste da... Tvrdje kako razlište faktor u ticu na njegov rad. Možemo menjati vjel třinu. nevo pozadinsku kšuma, jezi govorika, par... Degodiraj način quantizacije i koristinja algoritma. za detekcjogora. Svaki experiment treba organizoti tako da... da možemo jasno da utferdimo posledicio dregine promen rezultati. zati mogu posmatrite kroz više metrika. da je je je je je je je je je je je je je je je je je je je je je je je je je je je je je je je je je je je je je je je je je je je je je je je je je je je je je je je je je je je je je je je je je je je je je je je je je je je je je je je je je je je je je je je je je je je je je je je je je je je je je je je je je je je je je je je je je je je je je je je je je je je je je je je je je je je je je je je je je je je je je je je je je je je je je je je je je je je je je je je je je je je je je je je je je je je je je je je je je je je je je je je je je je je je je je je je je je je je je je je je je je je je je je je je je je je je je je je je je je je je je je zlikuje otasno referentno transkripte. potrencije pokazuje koliko vremeno je potremno zobradu do karel... učično time factor po vezji vreme obrade sa u kanalajem samog zvušnog zapisa. Potrošnji mi mori je posivnu značinak, kada model treba... da radi na urodjemno se ogranitčne nimi resorsima. u ovim u konfiguraciju, koja ne mora biti najbolje prema. sva koji podinešno metrici, ali prestavlja dober kompromist. izmiju tačnosti brzine i potrebnih račanarskih resursa."
10,36,36govornik1.wav,govornik1,69.01,7,8.959,0.1298,1.28,1.221,1.46,1.469,11.221,100.0,0.0,1.469,1.17,55.38,"Savremeni sistemi za automatsko prepoznavanje govora imaju veliki broj praktičnih primena. Mogu se koristiti za automatsko pravljenje transkripata sastanaka, generisanje titlova, glasovne asistente, pretragu multimedijalnog sadržaja i poboljšanje pristupačnosti digitalnih sistema. Ipak, kvalitet njihovog rada zavisi od velikog broja faktora. Govornici imaju različite glasove, akcente i brzine govora, dok snimci mogu nastati korišćenjem različitih mikrofona i u različitim prostorijama. Dodatni problem predstavlja pozadinski šum. Sistem koji veoma dobro radi u tihoj prostoriji ne mora da postigne isti rezultat na ulici ili u automobilu. Zbog toga evaluacija sistema ne bi trebalo da bude zasnovana na samo jednom zvučnom zapisu. Potrebno je koristiti više govornika, različite dužine snimaka i različite uslove. Pored tačnosti transkripcije, važno je analizirati vreme izvršavanja, potrošnju memorije i sposobnost sistema da obrađuje zvuk dovoljno brzo za praktičnu primenu.","Savrimini sistemi za otomacko prepoznavanja govara imaju velik broje praktičnih primjenu. Mogu se korisiti za otomacko pravnjenje transkripata. sastanaka generisanje titlova, glasov neasistente, pretregu multimerijalno-xadrgeja i povojšanje pristoparšnosti digitalne systema. Ipak kvalitet njihovo grada zavisuju od velekog broje faktor. Gornici i mjur različite glasove, akcenti i brzine govor. Do hsnemcim mogu nasati koristjnjem račetih mikrofon je i u razečitim prostorijem. Dolatnim problem predstavlja pozadenjski šum, sistem koji veoma do... Dobro radi u tihvi prostoriji ne mora da postinijesti rezultat na ulici i utama bil. Zbog toga, evalulacije sistema ne bi trevalo da bude zastanan. na samo jednom zvošnom zapisu. Potrano korisiti više govornika, različite tuži ne snimeka i različite uslove. Po red taršnosti. s skripsije važne analizirati vremi izvršavanja. Potrošnju memoria isplosomno sistemada obradio zvuk dovoljno brazo za praktičnu primenu."
10,37,37govornik2.wav,govornik2,82.431,9,9.253,0.1123,1.028,1.043,1.13,1.16,11.043,100.0,0.0,1.16,0.766,43.97,"Kada govorimo o performansama modela za prepoznavanje govora, postoje dve različite stvari koje želimo da postignemo. Prva je što tačniji transkript, a druga što efikasnije izvršavanje. Veći model može bolje da prepozna komplikovane rečenice ili govor u težim uslovima, ali istovremeno može zahtevati mnogo više memorije i vremena. Manji model može biti nešto manje precizan, ali dovoljno brz da se koristi na običnom laptopu. Kvantizacija predstavlja još jedan način optimizacije jer omogućava korišćenje numeričkog formata manje preciznosti. Time se može smanjiti količina potrebne memorije i ubrzati obrada. Međutim, svaka optimizacija mora da bude eksperimentalno proverena. Nije dovoljno pokazati da je jedna konfiguracija brža. Potrebno je proveriti i da li je njena tačnost ostala prihvatljiva. Upravo zato se koriste metrike kao što su Word Error Rate, latencija i Real-Time Factor, koje omogućavaju da različite konfiguracije modela budu upoređene na objektivan način.","Kada govorimo o performansama modela za prepoznavanje govora, postuje dve razlicite stvari koje želimo da postignemo. Prvoje što tačni i transcript a druga što efikastnje izvršalani. Veći model može boljeda prepozna komplikovane rečenic. i ljegovor u težim uslojima, ali isto vremeno može za tevati mnogo više memoria i vremena. Mani model može biti nešto... u manje precizen, ali dovoljno brz da se koristi na običnom laptopu. Quantizacija prestavlja još jedan način optimizacija. je je omogućava korištine numeričko k formata manje preciznosti. Time se može smanje tika ličina potrebne memoria i u... obraza ti obrada. Medjutim, svaka optimizacija mora da bude eksperimentalno proverena. Mi je dovoljno pokazati... i jedna konfiguracija broža. Potrebno je proveriti da lijenje na tačnost ostala prihvatliva. Upravo za to se koriste metrike... kao što su vort error rat latencija i real team factor kojo mogučavaju da razlicite konfiguracije modela budu u u poridjene na objektiva naci."
10,38,38govornik2.wav,govornik2,64.459,7,7.58,0.1176,1.083,1.063,1.204,1.238,11.063,100.0,0.0,1.238,0.97,40.88,"Prošle nedelje imao sam prilično ispunjen dan. Ujutru sam ustao ranije jer sam morao da završim nekoliko obaveza pre odlaska u grad. Posle doručka proverio sam poruke, pripremio stvari koje su mi bile potrebne i krenuo automobilom. Na putu je bilo više saobraćaja nego što sam očekivao, pa mi je trebalo skoro pola sata da stignem do centra. Prvo sam otišao do prodavnice, zatim do banke, a nakon toga sam se našao sa prijateljem kojeg nisam video nekoliko meseci. Razgovarali smo o poslu, putovanjima i planovima za narednu godinu. Posle ručka vreme se iznenada promenilo i počela je jaka kiša. Sačekali smo nekoliko minuta da se vreme malo smiri, a onda smo krenuli kući. Kada sam se vratio, nastavio sam da radim na računaru. Uveče sam završio preostale obaveze i odlučio da ostatak dana provedem odmarajući se.","Prošle nedelje imao sam prilično izpunjen dan. U jutru sam usto oranije jer sam morao da završim nekoliko obave za pre odlaska u gra. posledoručka proverió sam poruk je pripremio stvari koji su mi bil je potrebne i kreno o automobilo. Na puto je bilo vi... Piliše sa abrecie negošto sam očikivo. Pami je trebalo skoro pola sata dastignem do centra. Prvo sam otyšo do prodavnice zatim do ba... a nakon toga sam se našao sa prijetili koje gnisam video nekoliko mesici. Rozgovarali smo o poslu putovanjima i planovima. za narednu godinu. Posli rucka, vreme si iznena da promenilo i počela je jaka kisja. Saczekali smo nekoliko minuta da se vreme ma... malo smiri, a onda smo krenu li kuci. Kad da sam se vratio, nastavio sam da radim na racunaru. Uviči sam zavrošio preostale obavir... i odluči od ostatak dana, provedem odmarajući se."
10,39,39govornik3.wav,govornik3,62.613,7,10.024,0.1601,1.432,1.405,1.732,1.739,11.405,100.0,0.0,1.739,1.234,65.47,"Sistem koji obrađuje govor u realnom vremenu mora da rešava nešto drugačiji problem od sistema koji dobije kompletan audio zapis. Kod klasične transkripcije model može da dobije čitav snimak i zatim ga obradi. Kod realnog vremena zvuk neprestano pristiže, pa ga je potrebno podeliti na manje delove. Ako koristimo veoma kratke segmente, sistem može brzo da prikaže rezultat, ali model ima manje konteksta za pravilno prepoznavanje rečenice. Sa druge strane, ako koristimo duge segmente, model dobija više konteksta, ali korisnik mora duže da čeka na rezultat. Zbog toga izbor veličine segmenta predstavlja kompromis između latencije i kvaliteta transkripcije. Na primer, mogu se uporediti segmenti od dve, pet i deset sekundi. Za svaku konfiguraciju moguće je izmeriti vreme obrade, faktor realnog vremena i tačnost konačnog transkripta. Takav eksperiment omogućava da se utvrdi koja konfiguracija predstavlja najbolji kompromis za praktičan sistem.","System, koji obrađa go je u realnom, vreminu morada, rešava nešto drugači i provimo sistema, koji dobije kompleta na odio zapis. Ko klasišne transkriptcie modom... i zatim goberadi. Kodrjavno, gvrjame na zvuk, neprestavno pristiže, pa ga je potrebno podeliti na manje delove. Ako koristimo, ve... učakavamo kredke segmente, systemože brzo da prikaj željte rezultat, ali modeli ma manje kontekstta zapravila pripoznala njerečenice. Sada drugi stranje, kako koristimo duga se... svoj korestik mora duži da čekran je rezultat. Zbog toga izboru većine segmenta prestavljav kompromis izmiđu. i i kodite ta transkription. Na primer mogu se oporeite segmenti od 2-5-10 sekundi. Da svaku konfiguraciju mogu či izmeri... učitim vremeno obradi, faktorealno-gvremena i tašnost konošno-k transkripta. Tako je eksperimento, mugu ćava da se utvrdi koja konfiguracija prestavlja. nevojili kompromis za prakticin system."
10,40,40govornik3.wav,govornik3,79.772,8,11.225,0.1407,1.403,1.319,1.697,1.761,11.761,100.0,0.0,1.761,1.288,54.48,"Cilj eksperimentalne analize sistema za automatsko prepoznavanje govora jeste da se utvrdi kako različiti faktori utiču na njegov rad. Možemo menjati veličinu modela, nivo pozadinskog šuma, jezik govornika, parametre dekodiranja, način kvantizacije ili korišćenje algoritma za detekciju govora. Svaki eksperiment treba organizovati tako da možemo jasno da utvrdimo posledice određene promene. Rezultati se zatim mogu posmatrati kroz više metrika. Word Error Rate pokazuje koliko se prepoznati tekst razlikuje od tačnog referentnog transkripta. Latencija pokazuje koliko vremena je potrebno za obradu, dok Real-Time Factor povezuje vreme obrade sa trajanjem samog zvučnog zapisa. Potrošnja memorije je posebno značajna kada model treba da radi na uređajima sa ograničenim resursima. Kombinovanjem ovih rezultata možemo da pronađemo konfiguraciju koja ne mora biti najbolja prema svakoj pojedinačnoj metrici, ali predstavlja dobar kompromis između tačnosti, brzine i potrebnih računarskih resursa.","Ziel eksperimentalna analizija sistema z automatiskopropoznomanja govara je ste da se otvrdi kako razlišiti faktor u ticu na nije govrad. Možemo menjati vjeroći numot. njela pozadinskog šuma, jezi govorika, parametre dekodiraja, nacin kvantizacije i koristinja algoritma. za detekciju gora. Svaki experiment treba organizoji tako da možemo jasno da utvrdimo postajice od ređene promen. Resultati. zati mogu posmatrati kroz više metrika. Vore Error Rate pokazuje, koliko se prepoznaći tekstra. zlikuje otasno-referentno transkripta. Potemcije pokazuje, koliko vremione potrebno zobradu do k... učanjali tajem faktor, povijedzili vreme obrede sa trajenim samog zvušnog zapisa. Potrošnjim, mi mori je posivno značinal, kada model treba... da radi na urodjemelj se ogranićenim resorzima. Kombinojom o inch rezultata možemo da pronatjemo konfiguraciju koja ne mora biti najbolje prema. Svakoj podinešno metrici, ali prestavlja dobar kompromist izmiju tačnosti, brizine i potrebnih racčanarskih resursa."
