Konfiguracija,Ponavljanje,Baseline RSS [MB],Peak RSS [MB],Delta peak RSS [MB]
Original Whisper FP32,1,13.6953,966.3008,952.6055
Original Whisper FP32,2,13.582,1092.5508,1078.9688
Original Whisper FP32,3,13.6289,1093.9062,1080.2773
Faster-Whisper FLOAT32,1,13.6875,694.1719,680.4844
Faster-Whisper FLOAT32,2,13.6484,693.2461,679.5977
Faster-Whisper FLOAT32,3,13.7266,692.2305,678.5039
Faster-Whisper INT8,1,13.6328,493.7773,480.1445
Faster-Whisper INT8,2,13.7148,494.3945,480.6797
Faster-Whisper INT8,3,13.5508,494.2695,480.7188
