Broj,Audio,Govornik,Grupa_duzine,Jezik,Trajanje [s],Vreme_Orig [s],RAM_Orig [MB],RTF_Orig,WER_Orig,Vreme_FW_Int8 [s],RAM_FW_Int8 [MB],RTF_FW_Int8,WER_FW_Int8,Vreme_FW_F32 [s],RAM_FW_F32 [MB],RTF_FW_F32,WER_FW_F32,Referenca,Transkript_Orig,Transkript_FW_Int8,Transkript_FW_F32
1,1govornik1,govornik1,kratki,sr,7.6,9.24,0.0,1.2147,0.3077,2.09,107.07,0.2743,0.3077,2.93,258.29,0.3859,0.3077,Veštačka inteligencija omogućava računarima da rešavaju složene probleme i analiziraju velike količine podataka.,Veštočka inteligencija omugućevaroču narima da rešavaju složene probleme i analiziraju veliki količine podataka.,Veštočka inteligencija omugućevaroču narima da rešavaju složene probleme i analiziraju veliki količine podataka.,Veštočka inteligencija omugućevaroču narima da rešavaju složene probleme i analiziraju veliki količine podataka.
2,2govornik1,govornik1,kratki,sr,6.78,7.36,0.0,1.0856,0.2857,1.58,2.32,0.2337,0.3571,2.31,0.21,0.3411,0.2857,Automatsko prepoznavanje govora pretvara izgovorene reči u tekst koji računar može dalje da obrađuje.,"Automacko prepoznavanje govora, pretvara izgovorine reći u tekst koji računar može dalje da obradju.","Automacko prepoznamenje govora, pretvara izgovorine reći u tekst koji računar može dalje da obradju.","Automacko prepoznavanje govora, pretvara izgovorine reći u tekst koji računar može dalje da obradju."
3,3govornik1,govornik1,kratki,sr,5.83,5.98,0.0,1.0266,0.5333,1.51,0.18,0.2589,0.5333,2.45,0.11,0.4198,0.5333,"Danas je veoma prijatan dan, pa smo odlučili da prošetamo kroz centar grada posle ručka.",Danas je veoma prijetan dan. Pasmo dlučili da prositamo kroz center grada posliručka.,Danas je veoma prijetan dan. Pasmo dlučili da prositamo kroz center grada posliručka.,Danas je veoma prijetan dan. Pasmo dlučili da prositamo kroz center grada posliručka.
4,4govornik1,govornik1,kratki,sr,7.29,6.65,0.0,0.9125,0.5,1.73,0.18,0.2372,0.5,2.3,0.12,0.3152,0.5,"Novi računari imaju brže procesore, više memorije i znatno bolje performanse nego prethodne generacije.","Novira čunari imaju brze procesore, više me morije i znatno bolje performance nego predchone generacije.","Novira čunari imaju brze procesore, više me morije i znatno bolje performance nego predchone generacije.","Novira čunari imaju brze procesore, više me morije i znatno bolje performance nego predchone generacije."
5,5govornik2,govornik2,kratki,sr,9.33,6.84,2.65,0.7329,0.2667,1.63,0.23,0.1745,0.2667,2.45,0.11,0.263,0.2667,Mašinsko učenje koristi podatke kako bi model naučio da prepoznaje obrasce i donosi odgovarajuće odluke.,Mašinsko učinje koristi podatke kako bi model naučijo da prepoznaje obrastce i donosi odgovarajuće odluk.,Mašinsko učinje koristi podatke kako bi model naučijo da prepoznaje obrastce i donosi odgovarajuće odluk.,Mašinsko učinje koristi podatke kako bi model naučijo da prepoznaje obrastce i donosi odgovarajuće odluk.
6,6govornik2,govornik2,kratki,sr,7.89,6.42,2.79,0.8127,0.2667,1.54,0.14,0.1947,0.3333,2.25,0.07,0.2856,0.2667,"Sutra ujutru moram da završim nekoliko obaveza, a zatim planiram da se vidim sa prijateljima.","Sutre u jutru moram da završim nekoliko obaveza, a zatim planiram da se vidim sa prijatelima.","Sutre u jutru moram da završim nekoliko obave za, a zatim planiram da se vidim sa prijateljima.","Sutre u jutru moram da završim nekoliko obaveza, a zatim planiram da se vidim sa prijatelima."
7,7govornik2,govornik2,kratki,sr,8.73,7.5,0.48,0.8591,0.3571,1.81,0.07,0.2069,0.3571,2.6,1.04,0.2974,0.3571,Kvalitet zvučnog zapisa može značajno da utiče na tačnost sistema za automatsko prepoznavanje govora.,"Koalite zvučnog zapisa, može značenu da u tiče na tačnost sistema za automatsko prepoznavanie govora.","Koalite zvučnog zapisa, može značenu da u tiče na tačnost sistema za automatsko prepoznavanje govor.","Koalite zvučnog zapisa, može značenu da u tiče na tačnost sistema za automatsko prepoznavanie govora."
8,8govornik3,govornik3,kratki,sr,5.21,6.03,0.0,1.1574,0.5625,1.44,0.13,0.2753,0.5625,2.06,0.09,0.3954,0.5625,"Temperatura je tokom noći naglo pala, ali se očekuje da će sutra vreme ponovo biti toplije.","Temperature tokom noći naglopala, ali se očekuje, leće sutra vreme ponovobiti topli.","Temperature tokom noći naglopala, ali se očekuje, leće sutra vreme ponovobiti toplje.","Temperature tokom noći naglopala, ali se očekuje, leće sutra vreme ponovobiti topli."
9,9govornik3,govornik3,kratki,sr,5.34,6.34,0.0,1.1867,0.6667,1.52,0.07,0.2854,0.6667,2.45,0.04,0.4582,0.6667,"Neuronske mreže danas se koriste za obradu slike, teksta, zvuka i mnogih drugih vrsta podataka.","No hronskim reže danasi koristili za obradu slike teksta, zvukaj, mnog i druhih vrsta politika.","No hronskim reže danasi koristili za obradu slike teksta, zvukaj, mnog i druhih vrsta polateka.","No hronskim reže danasi koristili za obradu slike teksta, zvukaj, mnog i druhih vrsta politika."
10,10govornik3,govornik3,kratki,sr,5.6,5.84,0.1,1.0437,0.5714,1.45,0.07,0.2595,0.7143,2.08,0.17,0.3715,0.5714,"Dobar sistem mora istovremeno da bude dovoljno brz, precizan i pouzdan u različitim uslovima.",Dobar sistemora i stovremeno da bude dovoljno brz precizani povozan u razičiti musluvim.,Dobar sistemora i stovremeno da bode dovoljno bras precizani povozan u razičiti musluvim.,Dobar sistemora i stovremeno da bude dovoljno brz precizani povozan u razičiti musluvim.
11,11govornik1,govornik1,srednji,sr,16.46,12.43,10.28,0.7551,0.2903,2.26,1.76,0.1374,0.2903,3.62,0.0,0.2196,0.2903,"Savremeni sistemi za automatsko prepoznavanje govora koriste duboke neuronske mreže kako bi analizirali zvučni signal i pretvorili ga u tekst. Njihova tačnost zavisi od modela, kvaliteta snimka, jezika i karakteristika govornika.","Savrimini sistemi za automacko prepozavania govora koriste duvike neuronske mereže kako bije analizirali zvučni signal i pretvorili ga u tekst. Njihova tačno zavisti u modela, kvaliteta snimka, jezika i karakteristika govornika.","Savrimini sistemi za automacko prepozavanje govora koriste duvike neuronske mereže, kako bije analizirali zvučni signal i pretvorili ga u tekst. Njihova tačno zavisti u modela, kvaliteta snimka, jezika i karakteristika govornika.","Savrimini sistemi za automacko prepozavania govora koriste duvike neuronske mereže kako bije analizirali zvučni signal i pretvorili ga u tekst. Njihova tačno zavisti u modela, kvaliteta snimka, jezika i karakteristika govornika."
12,12govornik1,govornik1,srednji,sr,12.72,11.89,0.0,0.9344,0.6452,2.13,0.0,0.1678,0.6129,3.53,0.0,0.2778,0.6452,"Juče sam krenuo do grada nešto ranije nego obično. Na ulicama nije bilo mnogo ljudi, pa sam brzo završio sve obaveze. Nakon toga sam seo u obližnji kafić i sačekao prijatelja.","Juče sam krenuo do grada nešto rani je neko obično. No ulicama ni je bilo mnovo ljudi, pa sam brzu za vršiva sve oba veze. Nakon toga sam se je ovo obližni kafeć i se čekao prijetelja.","Juče sam krenuo do grada nešto rani je neko obično. No ulicama ni je bilo mnovo ljudi, pa sam brzuza vršiva sve ova veze. Nakon toga sam se je ovo obližni kafeć i se čekao prijetelja.","Juče sam krenuo do grada nešto rani je neko obično. No ulicama ni je bilo mnovo ljudi, pa sam brzu za vršiva sve oba veze. Nakon toga sam se je ovo obližni kafeć i se čekao prijetelja."
13,13govornik1,govornik1,srednji,sr,15.08,13.12,4.36,0.87,0.4828,2.29,0.0,0.1518,0.3793,4.02,11.12,0.2666,0.4828,Whisper je model za automatsko prepoznavanje govora koji može da radi sa velikim brojem jezika. Faster-Whisper koristi optimizovanu implementaciju koja omogućava efikasnije izvršavanje i manju potrošnju računarskih resursa.,"Višper je moda za automacko prepoznavenje govora, koji može da radisa vjerekim brojem jezika. Faster Višper koristi optimizovanu implementaciju kojo mogućava je hvikastnje izvarsavanje i manju potrošnju računarskih resurca.","Višper je moda za automacko prepoznavenje govora, koji može da radi sa verikim brojem jezika. Faster Višper koristi optimizovanu implementaciju kojo mogućila je hvikastnje izvarsavanje i manju potrošnju računarskih resursa.","Višper je moda za automacko prepoznavenje govora, koji može da radisa vjerekim brojem jezika. Faster Višper koristi optimizovanu implementaciju kojo mogućava je hvikastnje izvarsavanje i manju potrošnju računarskih resurca."
14,14govornik1,govornik1,srednji,sr,15.6,15.04,0.0,0.9637,0.4828,2.32,0.0,0.1486,0.3793,4.32,11.14,0.2767,0.4828,"Kada razgovaramo u tihoj prostoriji, sistem uglavnom može veoma jasno da prepozna izgovorene reči. Međutim, saobraćaj, muzika, razgovor drugih ljudi i različiti izvori šuma mogu značajno da otežaju transkripciju.","Kada razgovoramo u tihu i prostori, sistemu glavnom može veoma jasno da prepozne izgovore nereći, međutim, sabraćaj, muzika, razgovor, drugih ljudi i raziciti izvorišuma mogu značajno da otežaju transkrypciju.","Kada razgovoramo u tihu i prostori, sistemu glavnom može veoma jasno da prepozne izgovorine reći, međutim, sabraćaj, muzika, razgovor, drugih ljudi i različiti izvori šuma mogu značajno da otežaju transkrypciju.","Kada razgovoramo u tihu i prostori, sistemu glavnom može veoma jasno da prepozne izgovore nereći, međutim, sabraćaj, muzika, razgovor, drugih ljudi i raziciti izvorišuma mogu značajno da otežaju transkrypciju."
15,15govornik1,govornik1,srednji,sr,17.43,14.63,3.7,0.8397,0.4643,2.56,0.0,0.1467,0.4286,4.03,1.62,0.2314,0.4643,"Tokom razvoja softverske aplikacije programeri prvo analiziraju zahteve korisnika, zatim projektuju sistem i implementiraju potrebne funkcionalnosti. Nakon toga slede testiranje, ispravljanje grešaka i postavljanje aplikacije u produkciono okruženje.","Tokom razvoje software aplikacije progameri prvo analiziriju zahteve koristnika, zatim projektuju sistem implementiriju potrme funkcjonalnosti. Nakon toga slede testiranje, izpravljenje grešaka i postavljenje aplikaciju produkciono okruženje.","Tokom razvoje software aplikacije progameri prvo analiziriju zahteve korisnika, zatim projektuju sistem implementiriju potrme funkcjonalnosti. Nakon toga slede testiranje, izpravljenje grešaka i postavljenje aplikaciju produkciono okruženje.","Tokom razvoje software aplikacije progameri prvo analiziriju zahteve koristnika, zatim projektuju sistem implementiriju potrme funkcjonalnosti. Nakon toga slede testiranje, izpravljenje grešaka i postavljenje aplikaciju produkciono okruženje."
16,16govornik2,govornik2,srednji,sr,17.65,11.61,0.0,0.6577,0.1515,2.13,0.0,0.1206,0.1515,3.4,11.0,0.1926,0.1515,"Prošlog vikenda smo odlučili da provedemo dan u prirodi. Vreme je bilo sunčano i prijatno, pa smo poneli hranu i nekoliko stvari koje su nam bile potrebne. Vratili smo se kući tek predveče.",Prošlog vikenda smo odlučili da provedemo danu prirodi. Vreme je bilo sunčano i prijatno. Pa smo poneli hranu i nekoliko svari koje su nam bile potrebne. Vrati li smo se kući tek predveče.,Prošlog vikenda smo odlučili da provedemo danu prirodi. Vreme je bilo sunčano i prijatno. Pa smo poneli hranu i nekoliko svari koje su nam bile potrebne. Vrati li smo se kući tek predveče.,Prošlog vikenda smo odlučili da provedemo danu prirodi. Vreme je bilo sunčano i prijatno. Pa smo poneli hranu i nekoliko svari koje su nam bile potrebne. Vrati li smo se kući tek predveče.
17,17govornik2,govornik2,srednji,sr,16.58,12.06,16.66,0.7275,0.0714,2.31,0.0,0.1391,0.0714,3.56,0.0,0.2145,0.0714,"Veći modeli mašinskog učenja često mogu da postignu veću tačnost, ali zahtevaju više memorije i procesorske snage. Zbog toga najveći model nije uvek najbolji izbor za praktičnu primenu.","Veći modeli mašinskog učenja često mogu da postignu veću tačnost, ali zahtevaju više memoria i procesorske snage. Zbog toga najveći model nije uvek najbolji izbor za praktično primenu.","Veći modeli mašinskog učenja često mogu da postignu veću tačnost, ali zahtevaju više memoria i procesorske snage. Zbog toga najveći model nije uvek najbolji izbor za praktično primenu.","Veći modeli mašinskog učenja često mogu da postignu veću tačnost, ali zahtevaju više memoria i procesorske snage. Zbog toga najveći model nije uvek najbolji izbor za praktično primenu."
18,18govornik2,govornik2,srednji,sr,18.2,12.22,3.21,0.6713,0.1429,2.52,0.0,0.1383,0.1429,3.84,12.13,0.211,0.1429,Brzina automatskog prepoznavanja govora posebno je važna kod aplikacija koje rade u realnom vremenu. Korisnik očekuje da sistem reaguje brzo i da se transkript pojavljuje bez primetnog kašnjenja.,"Brzina, automatskog prepoznavanja govora, posivno je važna kod aplikacije koje rade u realnom vremenu. Koristnik očekuje da sistem reaguje brzo i da se transkript pojavljuje bez primetno kašnjenja.","Brzina, automatskog prepoznavanja govora, posivno je važna kod aplikacije koje rade u realnom vremenu. Koristnik očekuje da sistem reaguje brzo i da se transkript pojavljuje bez primetno kašnjenja.","Brzina, automatskog prepoznavanja govora, posivno je važna kod aplikacije koje rade u realnom vremenu. Koristnik očekuje da sistem reaguje brzo i da se transkript pojavljuje bez primetno kašnjenja."
19,19govornik2,govornik2,srednji,sr,16.9,12.13,1.71,0.7176,0.3,2.22,0.11,0.1314,0.2333,3.82,0.0,0.2259,0.3,"Kada sam jutros uključio računar, prvo sam proverio elektronsku poštu i poruke. Posle toga sam otvorio projekat na kojem trenutno radim i nastavio implementaciju funkcionalnosti koju sam započeo prethodnog dana.","Kada sam jutrosu ključio računar, prvosam proverio elektronsku poštu i poruki. Posled toga sam otvorio projekat, na kojem trenutno radim i nastavio implementaciju funcionalnosti koju sam započajo predhodnog dana.","Kada sam jutrosu ključio računar, prvo sam proverio elektronsku poštu i poruki. Posled toga sam otvorio projekat, na kojem trenutno radim i nastavio implementaciju funcionalnosti koju sam započajo predhodnog dana.","Kada sam jutrosu ključio računar, prvosam proverio elektronsku poštu i poruki. Posled toga sam otvorio projekat, na kojem trenutno radim i nastavio implementaciju funcionalnosti koju sam započajo predhodnog dana."
20,20govornik2,govornik2,srednji,sr,16.21,12.61,0.0,0.7777,0.1923,3.03,0.0,0.1869,0.2308,4.35,0.0,0.2685,0.1923,Srpski jezik sadrži glasove i karaktere koji se razlikuju od engleskog jezika. Zbog toga je interesantno analizirati koliko dobro isti model prepoznaje govor na različitim jezicima.,Serbski jezik sadrži glasovje i karaktere koji se razlikuju od englesko jezika. Zbog toga je interesantno analizirati koliko dobro isti model prepoznaja govor na razlečitim jezicima.,Serbski jezik sadrži glasovje i karaktere koji se razlikujo od englesko jezika. Zbog toga je interesantno analizirati koliko dobro isti model prepoznaja govor na razlečitim jezicima.,Serbski jezik sadrži glasovje i karaktere koji se razlikuju od englesko jezika. Zbog toga je interesantno analizirati koliko dobro isti model prepoznaja govor na razlečitim jezicima.
21,21govornik3,govornik3,srednji,sr,14.57,15.87,350.45,1.0893,0.4815,2.52,58.88,0.1727,0.4815,3.91,8.03,0.2686,0.4815,Kvantizacija omogućava da se neuronski model izvršava korišćenjem manje preciznih numeričkih formata. Na taj način moguće je smanjiti potrošnju memorije i ubrzati izvršavanje uz prihvatljivu promenu tačnosti.,Koantizacijom mogućava da se neuromski model izvršava koričnje manje preciznih numeričkih formata. Na taj način mogućije smanjeti potrošnje o memoria i ubrzati izvršenjivu z prihvatni u promenu tačnosti.,Koantizacijom ugečava da se neuromski model izvršava koričnje manje preciznih numeričkih formata. Na taj način mogućije smanjeti potrošnje o memoria i ubrzati izvršenjivu z prihvatni u promenu tačnosti.,Koantizacijom mogućava da se neuromski model izvršava koričnje manje preciznih numeričkih formata. Na taj način mogućije smanjeti potrošnje o memoria i ubrzati izvršenjivu z prihvatni u promenu tačnosti.
22,22govornik3,govornik3,srednji,sr,14.65,12.76,0.0,0.8706,0.5333,2.26,0.0,0.1542,0.5667,3.73,12.32,0.2546,0.5333,"Čovek tokom običnog razgovora često pravi kratke pauze, menja brzinu govora ili zastane kako bi razmislio. Sistem za prepoznavanje govora mora da bude dovoljno robustan da pravilno obradi takve situacije.","Čovjek tokom običnog razgovara često pravi kratke paoze, menje brzino govora i zastanika koji je razmislju. Sistim za prepoznalnje govora mora da budet dovojno robustanda pravilno obradi takve situacije.","Čovjek tokom obično-grazgovar često pravi kratke paoze, menje brzino govora i zastanika koji razmistlju. Sistim za prepoznalnje govora mora da budet dovojno robustanda pravilno obradi takve situacije.","Čovjek tokom običnog razgovara često pravi kratke paoze, menje brzino govora i zastanika koji je razmislju. Sistim za prepoznalnje govora mora da budet dovojno robustanda pravilno obradi takve situacije."
23,23govornik3,govornik3,srednji,sr,12.21,10.94,0.0,0.8954,0.5217,2.28,0.0,0.1868,0.4783,3.28,12.45,0.2686,0.5217,"Danas postoji veliki broj aplikacija koje koriste veštačku inteligenciju. Ona se primenjuje u medicini, industriji, obrazovanju, saobraćaju, finansijama i mnogim svakodnevnim digitalnim servisima.","Da na sposto je veliki broje aplikacija koje koriste veštačko inteligenciju. Ona se primenju o medicini, industrije obrazovanju, sabračju, finansijema i mnogim svakonenju digitalnim servisima.","Da na spostoje veliki broje aplikacija koje koriste veštačko inteligenciju. Ona se primenju o medicini, industrije obrazovanju, savbračju, financjima i mnogim, svakoninju digitalnim servisima.","Da na sposto je veliki broje aplikacija koje koriste veštačko inteligenciju. Ona se primenju o medicini, industrije obrazovanju, sabračju, finansijema i mnogim svakonenju digitalnim servisima."
24,24govornik3,govornik3,srednji,sr,11.64,9.88,5.61,0.848,0.5517,1.91,1.96,0.164,0.5172,3.03,0.08,0.2603,0.5517,"Kada se zvučnom signalu doda šum, neke reči postaju teže razumljive. Što je nivo šuma veći u odnosu na govor, sistemu je teže da napravi tačnu transkripciju celog snimka.","Kada si zlušnom signalu doda šum nekeriči postuju teže razumnije. Što je nivo šuma veću odnosu negor, sistemo je teže da napraviti tašno transkrypciju celok snimk.","Kada se zlušnom signalu doda šum nekeret ću postuju teže razumnije. Što je nivo šuma veću odnosu negor, sistemuje teže da napraviti tašno transkrypciju celog snimk.","Kada si zlušnom signalu doda šum nekeriči postuju teže razumnije. Što je nivo šuma veću odnosu negor, sistemo je teže da napraviti tašno transkrypciju celok snimk."
25,25govornik3,govornik3,srednji,sr,14.3,12.32,0.86,0.8611,0.4412,2.29,0.0,0.1604,0.4412,3.62,0.11,0.253,0.4412,"Pre nego što rezultate eksperimenta možemo pravilno da uporedimo, potrebno je koristiti iste ulazne podatke i jasno definisane metrike. Na taj način razlika u rezultatima može da se poveže sa promenom koju zapravo ispitujemo.","Pre nego što rezultate eksperimenta možemo praveno do potrebimo, potrebne koristiti i stevulosne podatke i jasno definisene metrike. Na taj način razlike o rezultati može da se poveže sa praveno koju zaprovo i spitujimo.","Pre nego što rezultate eksperimenta možemo praveno do potrebimo, potrebne koristiti i stevulozne podatke i jasno definisene metrike. Na taj način razlike o rezultati može da se poveže sa praveno koju zaprovo i spitujimo.","Pre nego što rezultate eksperimenta možemo praveno do potrebimo, potrebne koristiti i stevulosne podatke i jasno definisene metrike. Na taj način razlike o rezultati može da se poveže sa praveno koju zaprovo i spitujimo."
26,26govornik1,govornik1,dugi,sr,31.09,34.94,0.0,1.1237,0.3966,8.6,106.17,0.2766,0.4138,10.52,280.2,0.3383,0.3966,"Automatsko prepoznavanje govora predstavlja oblast veštačke inteligencije koja se bavi pretvaranjem zvučnog signala u tekst. Savremeni sistemi koriste modele dubokog učenja koji mogu da analiziraju kompleksne karakteristike ljudskog govora. Njihove performanse mogu da zavise od jezika, kvaliteta mikrofona, prisustva pozadinskog šuma, brzine govora i karakteristika samog govornika. Zbog toga je prilikom evaluacije važno koristiti različite vrste zvučnih zapisa.","Automacko prepoznavenje govora prestavlja oblast veštački inteligencije, koje se bavi pretvarajem zvušnog signalu u tekst. Savremini sistemi koriste modele dubo kogučenja, koji mogu da naliziriju kompleksne karakteristike ljudskog govora. Njihove performance mogu da zavisa od jezika, kvaliteta mikrofona, prisu sa pozadinskog šuma, brzini govora i karakteristike samog govornika. Zbog toge priliko mevaluacije, važno koristiti razžite vrste zvučnih zapisa.","Automacko prepoznavenje govora prestavlja oblast veštački inteligencije, koje se bavi pretvarajem zvušnuksignala u tekst. Savremini sistemi koriste modele dubo kogućenja, koji mogu danaliziriju kompleksne karakteristike ljudskog govora. Njihove performance mogu da zavisa od jezika, kvaliteta mikrofona, priso sa pozadnjskog šuma, brzine govora i karakteristike samog govornika. Z Bogtoga je priliko mevaluacije, važno koristiti razžite vrste zvučnih zapisa.","Automacko prepoznavenje govora prestavlja oblast veštački inteligencije, koje se bavi pretvarajem zvušnog signalu u tekst. Savremini sistemi koriste modele dubo kogučenja, koji mogu da naliziriju kompleksne karakteristike ljudskog govora. Njihove performance mogu da zavisa od jezika, kvaliteta mikrofona, prisu sa pozadinskog šuma, brzini govora i karakteristike samog govornika. Zbog toge priliko mevaluacije, važno koristiti razžite vrste zvučnih zapisa."
27,27govornik1,govornik1,dugi,sr,27.46,26.74,133.27,0.9738,0.5484,6.65,0.0,0.2422,0.5645,7.73,234.17,0.2816,0.5484,"Jednog jutra krenuo sam automobilom prema gradu nešto ranije nego obično. Saobraćaj je u početku bio veoma slab, ali se približavanjem centru broj vozila postepeno povećavao. Dok sam čekao na semaforu, na radiju su govorili o vremenskoj prognozi za narednih nekoliko dana. Najavljeno je sunčano vreme, ali i mogućnost kratkotrajne kiše tokom vikenda. Kada sam stigao, parkirao sam automobil i nastavio pešice.","Jednog jutra krenu osama u tomo bilom prema gradu nešto rani je negoovično. Sa obreći je u početku bio veoma slab, ali se približavanjem centru broj vozila postepenu povećavo. No ksam čekao nas sema foru ne radiu, su govorili o vremezko prognozice na denih nekoliko dana. Najavljenu je sunčano vreme, ali mogušnost kratko treni kiše tokom vikenda. Kada sam stigav, prkira osama u tomo bil i nastavio pesjice.","Jednog jutra krenu osama u tomo bilom prema gradu nešto rani je nego obično. Sa obreći je u početku bio veoma slab, ali se približavajem centru broj vozila postepenu povećavo. No ksem čekao nas sema for u neradiju su govorili o vremezko prognozi za narenih nekoliko dana. Najavljenu je sunčano vreme, ali mogu smo skratko treni kiše tokom weekenda. Karasam stigao, parkir osama u tomo bil i nastavio pesjice.","Jednog jutra krenu osama u tomo bilom prema gradu nešto rani je negoovično. Sa obreći je u početku bio veoma slab, ali se približavanjem centru broj vozila postepenu povećavo. No ksam čekao nas sema foru ne radiu, su govorili o vremezko prognozice na denih nekoliko dana. Najavljenu je sunčano vreme, ali mogušnost kratko treni kiše tokom vikenda. Kada sam stigav, prkira osama u tomo bil i nastavio pesjice."
28,28govornik1,govornik1,dugi,sr,30.7,30.53,66.74,0.9945,0.5397,5.81,0.0,0.1891,0.619,9.49,12.86,0.3093,0.5397,"Whisper postoji u više veličina modela, od veoma malih do znatno većih modela. Manji modeli zahtevaju manje memorije i uglavnom omogućavaju bržu transkripciju, dok veći modeli mogu da pruže veću tačnost u zahtevnijim uslovima. Zbog toga izbor modela predstavlja kompromis između kvaliteta transkripcije i potrebnih računarskih resursa. Taj kompromis je posebno važan kada se sistem izvršava na običnom računaru bez snažne grafičke kartice.","V išper postuju, v iše veli činama modela, odzveamo malih do znatno većih modela, manjim modeli zahteveju, manjimi morije i uglavnom ugučavaju baržu transkrypciju, dok većim modeli mogu da pruža veću tarsnostu zahtivnijim uslojima. Zbog toga izbor modela prestavlja kompromis iz mediukvaliteta transkrypcije i potrebnih heričunarskih resursa. Taj kompromis je posemno važan, kad je se sistem izvršavaj na običnom računaru pesnažna graficje kartice.","Višber postuju u više veli činama modela, odzveamo malih doznatno većih modela, manjim modeli zahtevi u manjimi morije i u glavnom ugočavaju baržu transkripsiju, do kvećim modeli mogu da pruža veću tarsnostu zahtivnijim uslojima. Zbog toga izbor modela prestali a kompromis iz mediukvaliteta transkripsije i potrebnih herročunarskih resursa. Taj kompromis je posemno važen, kad je se sistem izvršavaj na običnom računaru pesnažna graficje kartice.","V išper postuju, v iše veli činama modela, odzveamo malih do znatno većih modela, manjim modeli zahteveju, manjimi morije i uglavnom ugučavaju baržu transkrypciju, dok većim modeli mogu da pruža veću tarsnostu zahtivnijim uslojima. Zbog toga izbor modela prestavlja kompromis iz mediukvaliteta transkrypcije i potrebnih heričunarskih resursa. Taj kompromis je posemno važan, kad je se sistem izvršavaj na običnom računaru pesnažna graficje kartice."
29,29govornik2,govornik2,dugi,sr,34.97,26.03,24.95,0.7443,0.4098,4.9,0.0,0.1402,0.3934,7.71,1.88,0.2203,0.4098,"Pozadinski šum predstavlja jedan od najčešćih problema kod sistema za automatsko prepoznavanje govora. U realnom okruženju mikrofon ne snima samo glas osobe već i zvuk automobila, ventilatora, drugih ljudi ili muzike. Ako je govor dovoljno snažan u odnosu na šum, transkripcija može ostati veoma dobra. Međutim, kada se odnos signala i šuma smanjuje, broj pogrešno prepoznatih reči uglavnom počinje da raste.","Pozadinski šum prestavlja jedanod najčeštih problema kod sistema za automatsko prepoznavajne govora. U realnom okruženju mikrofon nesnima samo glaso sobe veci zvuk automobila ventilatora, drugih ljudi ili muzike. Ako je govor dovoljno snaža u odnosu na šum transkrypcija može ostati veoma dobra. Medjutim, kad se odnosi gnala i šumas manjuje, broj pograšno prepoznatih reći u glavnom počinje darast.","Pozadinski šum prestavlja jedan od najčeštih problema ko systema za automatsko prepoznavajne govora. U realnom okruženju mikrofon nesnima samo glaso sobe veci zvuk automobila ventilatora, drugih ljudi ili muzike. Ako je govor dovoljno snaža u odnosu na šum transkripcija može ostati veoma dobra. Medjutim, kad se odnosi gnala i šumas manjuje, broj pograšno prepoznatih reći u glavnom počinje darast.","Pozadinski šum prestavlja jedanod najčeštih problema kod sistema za automatsko prepoznavajne govora. U realnom okruženju mikrofon nesnima samo glaso sobe veci zvuk automobila ventilatora, drugih ljudi ili muzike. Ako je govor dovoljno snaža u odnosu na šum transkrypcija može ostati veoma dobra. Medjutim, kad se odnosi gnala i šumas manjuje, broj pograšno prepoznatih reći u glavnom počinje darast."
30,30govornik2,govornik2,dugi,sr,37.76,29.5,0.54,0.7814,0.2063,5.25,0.54,0.1389,0.2063,11.61,0.0,0.3074,0.2063,"Kada razvijamo sistem koji treba da radi u realnom vremenu, nije dovoljno posmatrati samo njegovu tačnost. Potrebno je analizirati koliko vremena modelu treba da obradi određenu količinu zvuka. Ako obrada pet sekundi govora traje kraće od pet sekundi, sistem potencijalno može da prati govor bez stalnog povećavanja kašnjenja. Zbog toga su latencija i faktor realnog vremena veoma korisne metrike prilikom evaluacije ovakvih sistema.","Kad razvijamo sistem koji treba da radi u realnom vremenu, nije dovoljno posmatrati samo njegovu tačnost. Potrebno analizirati koliko vremena modelu treba da obradi odredinu kuličinu zvoka. Ako obrada 5 sekundi govora traje kraće od 5 sekundi, sistem potencijalno može da prati govor bez stalno odpovećavanja kašnjenja. Zbog togasu latencija i faktor realnog vremena veoma korisne metrike prilikom evaluacije o vakvih sistema.",Kad razvijamo sistem koji treba da radi u realnom vremenu nije dovoljno posmatrati samo njegovu tačnost. Potrebno analizirati koliko vremena modelu treba da obradi odredinu količinu zvoka. Ako obrada 5 sekundi govor a traje kraće od 5 sekundi sistem potencijalno može da prati govor bez stalno odpovećavanja kašnjenja. Zbog togasu latencija i faktor realnog vremena veoma korisne metrike prilikom evaluacije ovakvi sistema.,"Kad razvijamo sistem koji treba da radi u realnom vremenu, nije dovoljno posmatrati samo njegovu tačnost. Potrebno analizirati koliko vremena modelu treba da obradi odredinu kuličinu zvoka. Ako obrada 5 sekundi govora traje kraće od 5 sekundi, sistem potencijalno može da prati govor bez stalno odpovećavanja kašnjenja. Zbog togasu latencija i faktor realnog vremena veoma korisne metrike prilikom evaluacije o vakvih sistema."
31,31govornik2,govornik2,dugi,sr,34.97,31.66,0.0,0.9054,0.3594,5.31,0.0,0.1519,0.3906,7.91,0.0,0.2263,0.3594,"Pre nekoliko dana organizovali smo malo okupljanje sa prijateljima. Dogovor je bio da se svi nađemo oko šest sati, ali je nekoliko ljudi kasnilo zbog saobraćaja. Dok smo ih čekali, razgovarali smo o poslu, putovanjima i planovima za naredne mesece. Kasnije smo naručili večeru i ostali zajedno nekoliko sati. Iako ništa posebno nije bilo planirano, veče je na kraju bilo veoma zanimljivo i prijatno.","Pre nekoliko dana organizovali smo o malo okupljenje se prijateljima. Dokovori je bio da se svi nadjimo oko 6 sati, ali je nekoliko ljudi kasnilo z bok saobraćeja. Dok smo ih šekali, rozgovarali smo o poslu, putovanima i planovima za naredne mesece. Kasni je smo naručili većeru i ostali zajedno nekoliko sati. Jako ništa posivno ni je bilo planirano, veće je na kraju bilo veoma za nimljivo i prijetno.","Pre nekoliko dana organizovali smo malo okupljenje se prijateljima. Dokovori je bio da se svi nadjimo oko 6 sati, ali je nekoliko ljudi kasnilo z bok saobraćeja. Dok smo ih čekali, rozgovarali smo oposlu, putovanima i planovima za naredne mesece. Kasni je smo naručili većeru i ostali za jedno nekoliko sati. Jako ništa posivno ni je bilo planirano, veće je na kraju bilo veoma za nimljivo i prijetno.","Pre nekoliko dana organizovali smo o malo okupljenje se prijateljima. Dokovori je bio da se svi nadjimo oko 6 sati, ali je nekoliko ljudi kasnilo z bok saobraćeja. Dok smo ih šekali, rozgovarali smo o poslu, putovanima i planovima za naredne mesece. Kasni je smo naručili većeru i ostali zajedno nekoliko sati. Jako ništa posivno ni je bilo planirano, veće je na kraju bilo veoma za nimljivo i prijetno."
32,32govornik3,govornik3,dugi,sr,27.97,27.11,1.75,0.9693,0.6,4.94,4.17,0.1766,0.6833,9.76,0.0,0.349,0.6,"Ljudski govor nije potpuno konstantan signal. Neko govori brzo, neko sporije, a pojedini govornici prave veoma duge pauze između rečenica. Razlikuju se i visina glasa, naglasak, način izgovora i jačina govora. Sistem koji postiže odlične rezultate kod jednog govornika zato ne mora nužno da postigne iste rezultate kod druge osobe. Korišćenje više govornika omogućava realniju procenu sposobnosti modela da generalizuje.","Ljudski govor nije podplno konstantan signo, neku govori, brzo neko sporije, a pojedinji govornici pravajamo dudi je pauz izmiđu rećenica. Raznikuju se je visina glasa na glasa izgovari i jačina govara. Sistim koji postiđu olične rezultate, kod jedno govorinika, za to nemora, nožno da postiđu niste rezultate kod drugi osove. Koriši neviše govornikamo uvićava realnuju procenu sposomnosti modela... Da generalizve.","Ljudski govor nije podplno konstantan signo, neko govori brzo neko spori je, a pojedinji govornici pravajamo dudi je pauz izmiđu rećenica. A raznikuju se je visina glasa na glasa izgovari ja čina govara. Sistim koji postiđu olične rezultate kod jedno govorinika, za to nemora, nožno da postiđu i stresultate kod drugi osove. Koriši neviše govorinikamo uvićava realnuju procenu sposomnosti modela. Da generalizve.","Ljudski govor nije podplno konstantan signo, neku govori, brzo neko sporije, a pojedinji govornici pravajamo dudi je pauz izmiđu rećenica. Raznikuju se je visina glasa na glasa izgovari i jačina govara. Sistim koji postiđu olične rezultate, kod jedno govorinika, za to nemora, nožno da postiđu niste rezultate kod drugi osove. Koriši neviše govornikamo uvićava realnuju procenu sposomnosti modela... Da generalizve."
33,33govornik3,govornik3,dugi,sr,31.25,36.24,0.0,1.1596,0.7273,6.93,99.84,0.2218,0.7273,10.03,79.49,0.321,0.7273,"Voice Activity Detection koristi se za razlikovanje delova zvučnog zapisa u kojima postoji govor od delova u kojima se nalazi tišina. Ako snimak sadrži duge periode bez govora, njihovo uklanjanje može da smanji količinu podataka koju model mora da obradi. Međutim, algoritam mora pažljivo da odredi početak i kraj govora, jer previše agresivno uklanjanje može da odseče deo izgovorene reči i tako negativno utiče na transkripciju.","Voji se aktiviti detekšan, koristiti se zavr, razlikovajne delava zvušli v zapisu u kojima posti govor o delavu kojima se nalazi tisšina. Ako snimak se drži dugi periodi bez govora, ihu uklanjenje može da smanje koji tšinu podate, kako je umodav mora da obradi. Medjuti mal govrita mora paždje odav učetak i kraji govora, jer previše agresivnu klanjenje može da odseće delo iz govarene reći i tako negativnutičina transkrypciju.","uvoj se aktiviti detekšan, koristi se zavr, razlikovajne delava, zvušli v zapisu u kojima posti i govor, o delavu kojima se nalazi tisšina. Ako snimak se drži dugi, periodi bez govora, i hu uklanjenje može da smanje koji tšinu podate, kako je umodav mora da obradi. Medjuti ima u goritama mora paždje odav učetak i kraji govora, jer previše agresivnu uklanjenje može da odseće delo izgovorine i tako negativno tičena transkrypciju.","Voji se aktiviti detekšan, koristiti se zavr, razlikovajne delava zvušli v zapisu u kojima posti govor o delavu kojima se nalazi tisšina. Ako snimak se drži dugi periodi bez govora, ihu uklanjenje može da smanje koji tšinu podate, kako je umodav mora da obradi. Medjuti mal govrita mora paždje odav učetak i kraji govora, jer previše agresivnu klanjenje može da odseće delo iz govarene reći i tako negativnutičina transkrypciju."
34,34govornik3,govornik3,dugi,sr,33.09,30.17,49.57,0.9118,0.7273,5.86,10.69,0.177,0.6364,9.08,0.0,0.2743,0.7273,"Beam search predstavlja jedan od načina pronalaženja verovatne sekvence reči tokom dekodiranja rezultata modela. Veća vrednost parametra omogućava razmatranje većeg broja mogućih kandidata, ali istovremeno može da poveća vreme potrebno za obradu. Zbog toga je korisno eksperimentalno proveriti da li povećanje beam size parametra zaista donosi značajno poboljšanje tačnosti i koliko dodatnih računarskih resursa zahteva.","BIMSERć prestali jedanod način na proloženje verovatne sekvenci rečitokom dekodiranja rezultatama o dela. Veće vrednost parametra omuvi čevar, razmatranje većek broje mogućih kandidata, ali stovremino može da poweće vreme potravinu zobredu. Zbog toge koristno eksperimentalno provieriti dali povećanje BIMSERć parametra zaistedono si značinno povećanje tašnosti i koliko dodatnih račnarskih resor se zechteva.","BIMSARč prestalja jedan od načinja proinologišnje verovatne sekvenci rečitokom dekodiranja rezultatama o dela. Veća vrednost parametra omogućeva razmatranje većek broje mogućih kandidata, ali stovremino može da poweće vredme potravinu z obredu. Zbog toge koristno eksperimentalno provieriti dali povećanje BIMSARI z parametra zaistodono si značajno pobešanje tašnosti i koliko dodatnih računarskih resursu se zechteva.","BIMSERć prestali jedanod način na proloženje verovatne sekvenci rečitokom dekodiranja rezultatama o dela. Veće vrednost parametra omuvi čevar, razmatranje većek broje mogućih kandidata, ali stovremino može da poweće vreme potravinu zobredu. Zbog toge koristno eksperimentalno provieriti dali povećanje BIMSERć parametra zaistedono si značinno povećanje tašnosti i koliko dodatnih račnarskih resor se zechteva."
35,35govornik3,govornik3,dugi,sr,29.06,24.79,8.27,0.8532,0.6667,4.48,0.0,0.154,0.6667,7.14,0.0,0.2457,0.6667,"Prilikom izvođenja eksperimenta veoma je važno menjati jednu karakteristiku sistema dok ostali uslovi ostaju isti. Ako istovremeno promenimo model, jezik, kvalitet zvuka i parametre dekodiranja, teško možemo da zaključimo zbog čega je rezultat postao bolji ili lošiji. Kontrolisani eksperimenti omogućavaju jasnije poređenje različitih konfiguracija i daju pouzdaniju osnovu za izvođenje zaključaka o ponašanju sistema.","Priviku mi zvođenje eksperimenata, veamo je važno menjati jednu karakteristiku sistema do kostali u sluvi o staju isti. Ako isto vremeno promenjima model jezik kvalitet zvukaj i parametra do kodiranja teško možemo da zaključimo zbog čegaj rezultat posto boli ili loši. Kontrolisanje eksperimenti, mogu i čavaju jasnje porijedjenje različiti konfiguracije ideju pozdanuju osnovu zizvođenje zaključika o ponašanju sistema.","Priliko mi zvođenje eksperimentata, veamo je važno menjati jednu karakteristiku sistema do kostali u sluvi o staju isti. Ako isto vremeno promenjima model jezik kvalitet zvukaj i parametra do kodiranja teško možemo da zaključimo zbog čegaj rezultat posto boli ili loši. Kontrolisanje eksperimenti, mogu i čavaju jasne porijedljenje različiti konfiguracije ideju pozdanuju osnovu zizvođenje zaključika o ponašanju sistema.","Priviku mi zvođenje eksperimenata, veamo je važno menjati jednu karakteristiku sistema do kostali u sluvi o staju isti. Ako isto vremeno promenjima model jezik kvalitet zvukaj i parametra do kodiranja teško možemo da zaključimo zbog čegaj rezultat posto boli ili loši. Kontrolisanje eksperimenti, mogu i čavaju jasnje porijedjenje različiti konfiguracije ideju pozdanuju osnovu zizvođenje zaključika o ponašanju sistema."
36,36govornik1,govornik1,veoma_dugi,sr,69.01,63.1,190.95,0.9144,0.5231,13.86,9.85,0.2009,0.5154,20.04,0.0,0.2903,0.5231,"Savremeni sistemi za automatsko prepoznavanje govora imaju veliki broj praktičnih primena. Mogu se koristiti za automatsko pravljenje transkripata sastanaka, generisanje titlova, glasovne asistente, pretragu multimedijalnog sadržaja i poboljšanje pristupačnosti digitalnih sistema. Ipak, kvalitet njihovog rada zavisi od velikog broja faktora. Govornici imaju različite glasove, akcente i brzine govora, dok snimci mogu nastati korišćenjem različitih mikrofona i u različitim prostorijama. Dodatni problem predstavlja pozadinski šum. Sistem koji veoma dobro radi u tihoj prostoriji ne mora da postigne isti rezultat na ulici ili u automobilu. Zbog toga evaluacija sistema ne bi trebalo da bude zasnovana na samo jednom zvučnom zapisu. Potrebno je koristiti više govornika, različite dužine snimaka i različite uslove. Pored tačnosti transkripcije, važno je analizirati vreme izvršavanja, potrošnju memorije i sposobnost sistema da obrađuje zvuk dovoljno brzo za praktičnu primenu.","Savrimini sistemi za otomacko prepoznavenje govara imaju velik broje praktičnih primena. Mogu se koristiti za otomacko pravnje transkripeta, sastanka, generisanje titlova, glasov neasistente, pretregu multimelijalno-k sadrgeja i pobošanje pristopačnosti digitalnih sistema. Ipak kvalitet njihovo grada zavisi od velikog broje faktor. Gornici imivra, razečite glasovje, akcente i brzine govora. Do snimci mogu nasati koristijenjem račiti mikrofoni i u razečitim prostorijem. Dolatnim problem predstavlja pozdinski šum, sistem koji veoma dobro radi u tihvoj prostoriji nemore da poscignisti rezultat na ulici i utomu bilu. Zbog toga, evalulacije sistema nebi trevalo da bude zastomana na samo jednom zvušnom zapisu. Potranome korisiti više govornika, razečite tužine snimaka i razečite ustlje. Porred Taršnosti, zreskripcije, važne analizirati vremi izvršavanja. Potrošnju memorie isposobno sistema da obradio zvuk u dovoljnom brzo za praktičnu primenu.","Savrimini sistemi za otomacko prepoznavenja govara imaju velik broje praktičnih primena. Mogu se koristiti za otomacko pravnje transkripeta, sastanka, generisanje titlova, glasov neasistente, pretregu multimelijalno-k sadrgeja i pobošanje pristopačnosti digitalnih sistema. Ipak kvalitet njihovo grada zavisi od velikog broje faktor. Gornici imivra, razečite glasovje, akcente i brzine govora. Dok snimci mogu nasati koristijenjem račiti mikrofoni i u razečitim prostorijem. Dolatnim problem predstavlja pozadinski šum, sistem koji veoma dobro radi u tihvi prostoriji, nemora da postivni isti rezultat na ulici i utomu bilo. Zbog toga, evalulacije sistema nebi trevalo da bude zastomana na samo jednom zvušnom zapisu. Potranome korisiti više govornika, razečite tuži ne snimaka i razečite ustlje. Poretaršnosti zreskripsije važne analizirati vremi izvršavanja. Potrošnju memoria isposobno sistema da obradio je zvuku dovoljno brazo za praktičnu primenu.","Savrimini sistemi za otomacko prepoznavenje govara imaju velik broje praktičnih primena. Mogu se koristiti za otomacko pravnje transkripeta, sastanka, generisanje titlova, glasov neasistente, pretregu multimelijalno-k sadrgeja i pobošanje pristopačnosti digitalnih sistema. Ipak kvalitet njihovo grada zavisi od velikog broje faktor. Gornici imivra, razečite glasovje, akcente i brzine govora. Do snimci mogu nasati koristijenjem račiti mikrofoni i u razečitim prostorijem. Dolatnim problem predstavlja pozdinski šum, sistem koji veoma dobro radi u tihvoj prostoriji nemore da poscignisti rezultat na ulici i utomu bilu. Zbog toga, evalulacije sistema nebi trevalo da bude zastomana na samo jednom zvušnom zapisu. Potranome korisiti više govornika, razečite tužine snimaka i razečite ustlje. Porred Taršnosti, zreskripcije, važne analizirati vremi izvršavanja. Potrošnju memorie isposobno sistema da obradio zvuk u dovoljnom brzo za praktičnu primenu."
37,37govornik2,govornik2,veoma_dugi,sr,82.43,67.16,0.0,0.8148,0.2837,15.98,0.0,0.1938,0.305,23.93,0.0,0.2903,0.2837,"Kada govorimo o performansama modela za prepoznavanje govora, postoje dve različite stvari koje želimo da postignemo. Prva je što tačniji transkript, a druga što efikasnije izvršavanje. Veći model može bolje da prepozna komplikovane rečenice ili govor u težim uslovima, ali istovremeno može zahtevati mnogo više memorije i vremena. Manji model može biti nešto manje precizan, ali dovoljno brz da se koristi na običnom laptopu. Kvantizacija predstavlja još jedan način optimizacije jer omogućava korišćenje numeričkog formata manje preciznosti. Time se može smanjiti količina potrebne memorije i ubrzati obrada. Međutim, svaka optimizacija mora da bude eksperimentalno proverena. Nije dovoljno pokazati da je jedna konfiguracija brža. Potrebno je proveriti i da li je njena tačnost ostala prihvatljiva. Upravo zato se koriste metrike kao što su Word Error Rate, latencija i Real-Time Factor, koje omogućavaju da različite konfiguracije modela budu upoređene na objektivan način.","Kada govorimo o performansama modela za prepoznavanje govora, postoje dve različite stvari koje želimo da postignemo. Prvaj je što tačnije i transcript, a druge što efikastnije izvršavanje. Veći model može bolje da prepozna komplikovane rečenice ili govor u težim uslojima, ali isto vremeno može za vtevati mnogo više memoria i vremena. Mani model može biti nešto manje precizan, ali dovolno brz da se koristi na običnom laptopu. Quantizacija prestavlja još jedan načim optimizacije jer omogućava korištjenje numeričkok formata manje preciznosti. Time se može smanjeti količina potrebne memoria i ubrzati obrada. Medjutim, svaka optimizacija mora da bude eksperimentalno proverena. Mi je dovoljno pokazati da je jedna konfiguracija brża. Potrebno je proveriti da lijenje na tačnost ostala prihvatljiva. Uprvo za to se koriste metrike kao što su vort error, rat, latencija i real team, faktor koju omogučavaju da različite konfiguracije modela budu upoređene na objektiva načim.","Kada govorimo o performansama modela za prepoznavanje govora, postoje dve različite stvari koje želimo da postignemo. Prvaj je što tačni i transcript, a druge što efikasni je izvršalani. Veći model može bolje da prepozna komplikovane rečenice i li govor u težim uslojima, ali isto vremeno može za vtevati mnogo više memoria i vremena. Mani model može biti nešto manje precizan, ali dovoljno brz da se koristi na običnom laptopu. Quantizacija prestavlja još jedan načim optimizacije jer omogućava korištjenje numeričkok formata manje preciznosti. Time se može smanjeti količina potrebne memoria i ubrzati obrada. Medjutim, svaka optimizacija mora da bude eksperimentalno proverena. Mi je dovoljno pokazati da je jedna konfiguracija brża. Potrebno je proveriti da lijenje na tačnost ostala prihvatljiva. Uprvo za to se koriste metrike kao što su vort error, rat, latencija i real team, faktor koju omogučavaju da različite konfiguracije modela budu upoređene na objektiva načim.","Kada govorimo o performansama modela za prepoznavanje govora, postoje dve različite stvari koje želimo da postignemo. Prvaj je što tačnije i transcript, a druge što efikastnije izvršavanje. Veći model može bolje da prepozna komplikovane rečenice ili govor u težim uslojima, ali isto vremeno može za vtevati mnogo više memoria i vremena. Mani model može biti nešto manje precizan, ali dovolno brz da se koristi na običnom laptopu. Quantizacija prestavlja još jedan načim optimizacije jer omogućava korištjenje numeričkok formata manje preciznosti. Time se može smanjeti količina potrebne memoria i ubrzati obrada. Medjutim, svaka optimizacija mora da bude eksperimentalno proverena. Mi je dovoljno pokazati da je jedna konfiguracija brża. Potrebno je proveriti da lijenje na tačnost ostala prihvatljiva. Uprvo za to se koriste metrike kao što su vort error, rat, latencija i real team, faktor koju omogučavaju da različite konfiguracije modela budu upoređene na objektiva načim."
38,38govornik2,govornik2,veoma_dugi,sr,64.46,57.35,29.7,0.8898,0.3066,12.73,64.71,0.1975,0.2555,18.67,0.0,0.2897,0.3066,"Prošle nedelje imao sam prilično ispunjen dan. Ujutru sam ustao ranije jer sam morao da završim nekoliko obaveza pre odlaska u grad. Posle doručka proverio sam poruke, pripremio stvari koje su mi bile potrebne i krenuo automobilom. Na putu je bilo više saobraćaja nego što sam očekivao, pa mi je trebalo skoro pola sata da stignem do centra. Prvo sam otišao do prodavnice, zatim do banke, a nakon toga sam se našao sa prijateljem kojeg nisam video nekoliko meseci. Razgovarali smo o poslu, putovanjima i planovima za narednu godinu. Posle ručka vreme se iznenada promenilo i počela je jaka kiša. Sačekali smo nekoliko minuta da se vreme malo smiri, a onda smo krenuli kući. Kada sam se vratio, nastavio sam da radim na računaru. Uveče sam završio preostale obaveze i odlučio da ostatak dana provedem odmarajući se.","Prošle nedelje imao sam prilično izpunjen dan. U jutru sam ustao rani je, jer sam morao da završim nekoliko obave za pre odlaska ugrad. Posli doručka proverio sam poruke, pripremio stvari koji su mi bile potrebne i kreno o automobilo. Na putu je bilo više sa abraće, nego što sam očekivo. Pami je trebalo skoro pola sata dost da stihnem do centra. Prvo sam otišao do prodavnice, zatim do banki, a nakon toga sam se našao sa prijeti koje gni sam video nekoliko mesici. Rozgovarali smo o poslu, putovanima i planovima za narednu godinu. Posli ručka, vreme si iznena da promenilo i počela je jaka kiša. Sačekali smo nekoliko minuta da se vreme malo smiri, a onda smo krenu li kutji. Kada sam se vratio, nastavio sam da radim na racunaru. Uviči sam zavrošio preostale obaveze i odlučio da ostata gdana, provedim odmarajući se.","Prošle nedelje imao sam prilično izpunjen dan. U jutru sam ustao rani je, jer sam morao da završim nekoliko obave za pre odlaska ugrad. Posli doručka proverijo sam poruke, pripremijo stvari koji su mi bile potrebne i krenu automobilo. Na putu je bilo više sa abraće, nego što sam očekivao, pa mi je trebalo skoro pola sata do stivnem do centra. Prvo sam otišao do prodavnice, zatim do bankje, a nakon toga sam se našao sa prijetili koje gni sam video nekoliko mesici. Rozgovarali smo o poslu putovanjima i planovima za narednu godinu. Posli ručka, vreme se iznena da promenilo i počela je jaka kiša. Sačekali smo nekoliko minuta da se vreme malo smiri, a onda smo krenu li kući. Kada sam se vratio, nastavio sam da radim na racunaru. Uviče sam zavrošio preostale obavese i odlučio da ostatak dana, provedem odmarajući se.","Prošle nedelje imao sam prilično izpunjen dan. U jutru sam ustao rani je, jer sam morao da završim nekoliko obave za pre odlaska ugrad. Posli doručka proverio sam poruke, pripremio stvari koji su mi bile potrebne i kreno o automobilo. Na putu je bilo više sa abraće, nego što sam očekivo. Pami je trebalo skoro pola sata dost da stihnem do centra. Prvo sam otišao do prodavnice, zatim do banki, a nakon toga sam se našao sa prijeti koje gni sam video nekoliko mesici. Rozgovarali smo o poslu, putovanima i planovima za narednu godinu. Posli ručka, vreme si iznena da promenilo i počela je jaka kiša. Sačekali smo nekoliko minuta da se vreme malo smiri, a onda smo krenu li kutji. Kada sam se vratio, nastavio sam da radim na racunaru. Uviči sam zavrošio preostale obaveze i odlučio da ostata gdana, provedim odmarajući se."
39,39govornik3,govornik3,veoma_dugi,sr,62.61,58.88,4.39,0.9404,0.4245,14.14,3.3,0.2258,0.4173,19.65,0.0,0.3139,0.4245,"Sistem koji obrađuje govor u realnom vremenu mora da rešava nešto drugačiji problem od sistema koji dobije kompletan audio zapis. Kod klasične transkripcije model može da dobije čitav snimak i zatim ga obradi. Kod realnog vremena zvuk neprestano pristiže, pa ga je potrebno podeliti na manje delove. Ako koristimo veoma kratke segmente, sistem može brzo da prikaže rezultat, ali model ima manje konteksta za pravilno prepoznavanje rečenice. Sa druge strane, ako koristimo duge segmente, model dobija više konteksta, ali korisnik mora duže da čeka na rezultat. Zbog toga izbor veličine segmenta predstavlja kompromis između latencije i kvaliteta transkripcije. Na primer, mogu se uporediti segmenti od dve, pet i deset sekundi. Za svaku konfiguraciju moguće je izmeriti vreme obrade, faktor realnog vremena i tačnost konačnog transkripta. Takav eksperiment omogućava da se utvrdi koja konfiguracija predstavlja najbolji kompromis za praktičan sistem.","Sistim koji obrađu goju realno-vreminu morada rešava nešto drugači i provimo sistema koji dobije kompleta na odio zapis. Kod klasišne transkrypcije model može da dobije čito snimak i zatim govbradi. Kod realno-vremino zvuk neprostano pristiže pa ga je potrebno podeliti na manje delove. Ako koristimo veamo kratke segmente, siste može brzo da prikaže rezultat, ali model ima manje konteksta zapraveno pripoznavania rečenice. Sa drugi stranje ko koristimo duga segmente model dobija više konteksta, ali koristik mora duže da čekan rezultat. Zbog toga izboru veločina segmenta prestavljav kompromis izmiđu latencije i kvaliteta transkrypcije. Na primer mogu se oporejte segmenti od 2-5 ds. kundi. Da svaku konfiguraciju moguće izmeriti vreme obrade, fakto realno-vremina i tašnost konošno-k transkrypta. Tako je eksperimento mogućalo da se utvrdi koja konfiguracija prestavlja najbolji kompromis za praktičan sistem.","Sistim koji obrađu goju realno-vremenu mora da rešava nešto drugači i provimo sistema koji dobije kompleta na odio zapis. Kod klasišne transkrypcije model može da dobije čito snimak i zatim koji obradi. Kod realno-vremena zvuk neprostavno prestiže pa ga je potrebno podeliti na manje delove. A ko koristimo veamo kredke segmente, siste može brzo da prikajže rezultat, ale model ima manje konteksta zapraveno pripoznavania rečenice. Sa drugi stranje ko koristimo duga segmente model dobija više konteksta, ali koristik mora duže da čekan rezultat. Zbog toga izboruje u činja segmenta, prestavija kompromis izmiđu latencije i kvaliteta transkrypcije. Na primer mogu se oporijite segmenti od 2-5-10 sekundi. Da svaku konfiguraciju moguće izmeriti vreme obradi faktor realno-vremena i tašnos konošno-transkrypta. Tako je eksperimento mogućalo da se utvrdi koja konfiguracija prestavija najbolji kompromis za praktičan sistem.","Sistim koji obrađu goju realno-vreminu morada rešava nešto drugači i provimo sistema koji dobije kompleta na odio zapis. Kod klasišne transkrypcije model može da dobije čito snimak i zatim govbradi. Kod realno-vremino zvuk neprostano pristiže pa ga je potrebno podeliti na manje delove. Ako koristimo veamo kratke segmente, siste može brzo da prikaže rezultat, ali model ima manje konteksta zapraveno pripoznavania rečenice. Sa drugi stranje ko koristimo duga segmente model dobija više konteksta, ali koristik mora duže da čekan rezultat. Zbog toga izboru veločina segmenta prestavljav kompromis izmiđu latencije i kvaliteta transkrypcije. Na primer mogu se oporejte segmenti od 2-5 ds. kundi. Da svaku konfiguraciju moguće izmeriti vreme obrade, fakto realno-vremina i tašnost konošno-k transkrypta. Tako je eksperimento mogućalo da se utvrdi koja konfiguracija prestavlja najbolji kompromis za praktičan sistem."
40,40govornik3,govornik3,veoma_dugi,sr,79.77,66.77,0.0,0.837,0.3881,16.92,107.55,0.2121,0.4328,20.95,278.75,0.2626,0.3881,"Cilj eksperimentalne analize sistema za automatsko prepoznavanje govora jeste da se utvrdi kako različiti faktori utiču na njegov rad. Možemo menjati veličinu modela, nivo pozadinskog šuma, jezik govornika, parametre dekodiranja, način kvantizacije ili korišćenje algoritma za detekciju govora. Svaki eksperiment treba organizovati tako da možemo jasno da utvrdimo posledice određene promene. Rezultati se zatim mogu posmatrati kroz više metrika. Word Error Rate pokazuje koliko se prepoznati tekst razlikuje od tačnog referentnog transkripta. Latencija pokazuje koliko vremena je potrebno za obradu, dok Real-Time Factor povezuje vreme obrade sa trajanjem samog zvučnog zapisa. Potrošnja memorije je posebno značajna kada model treba da radi na uređajima sa ograničenim resursima. Kombinovanjem ovih rezultata možemo da pronađemo konfiguraciju koja ne mora biti najbolja prema svakoj pojedinačnoj metrici, ali predstavlja dobar kompromis između tačnosti, brzine i potrebnih računarskih resursa.","Cijil eksperimentalna analizzi sistema z automatsko-propoznavajne govora je ste da se otvrdi kako razliši tifaktori u ticu na njegovrad. Možemo menjati vjeročinu modela, nivo pozadinskog šuma, jezi govornika, parametre dekodiraja, način quantizacije i korišćenja algoritma za detekciju govora. Svaki eksperiment treba organizovati tako da možemo jasno da otvrdimo posledicio od ređene promene. Resultati se zatim mogu posmatrati kroz više metrika. Vore Error Rate pokazuje, koliko se prepoznati tek se razlikuju otasno referentno transcripta. Latencija pokazuje, koliko vremeno je potrebno za obradu, dok Real Time Factor povijezuje vreme obrade sa tranjem samog zvušnog zapisa. Potrošnjeme mori je posivno značena, kado model treba da radi na urodjima sa ogranićenima resursima. Kombinovajim ovih rezultata možemo da pronadjamo o konfiguraciju koja ne mora biti najbolje prema svakoj podinešno metrici, ali prestavlja dobar kompromist izmiju tačnosti, brzine i potrebnih račanarski resursa.","Cijil eksperimentalna analizji sistema z automatiskopropoznavajne govora je ste da se otvrdi kako razliši tifaktori u ticu na njegovrad. Možemo menjati vjeročinu modela, nivo pozadinskog šuma, jezi govornika, parametre dekodiraja, način quantizacije ili korišćenja algoritma za detekciju govora. Svaki eksperiment treba organizoti tako da možemo jasno da otvrdimo posledice od ređene promene. Resultati se zatim mogu posmatrati kroz više metrika. Vore Error Rate pokazuje, koliko se prepoznaći tek se razlikuju otasno referentno transkripta. Latenci je pokazuje, koliko vremeno je potrebno za obradu, dok real-time faktor povezuje vreme obrade sa tranjem samog zvušnog zapisa. Potrošnjeme mori je posivno značenja, kada modela treba da radi na urodjima sa ogranićenima resursima. Kombinujem ovih rezultata možemo da pronadjemo o konfiguraciju koja ne moja robite najbolja prema, sva koji podinešno metrici, ali prestavlja dober kompromist izmiju tačnosti brzine i potrebnih resursa.","Cijil eksperimentalna analizzi sistema z automatsko-propoznavajne govora je ste da se otvrdi kako razliši tifaktori u ticu na njegovrad. Možemo menjati vjeročinu modela, nivo pozadinskog šuma, jezi govornika, parametre dekodiraja, način quantizacije i korišćenja algoritma za detekciju govora. Svaki eksperiment treba organizovati tako da možemo jasno da otvrdimo posledicio od ređene promene. Resultati se zatim mogu posmatrati kroz više metrika. Vore Error Rate pokazuje, koliko se prepoznati tek se razlikuju otasno referentno transcripta. Latencija pokazuje, koliko vremeno je potrebno za obradu, dok Real Time Factor povijezuje vreme obrade sa tranjem samog zvušnog zapisa. Potrošnjeme mori je posivno značena, kado model treba da radi na urodjima sa ogranićenima resursima. Kombinovajim ovih rezultata možemo da pronadjamo o konfiguraciju koja ne mora biti najbolje prema svakoj podinešno metrici, ali prestavlja dobar kompromist izmiju tačnosti, brzine i potrebnih račanarski resursa."
