Audio,Jezik,Trajanje [s],Whisper [s],Faster-Whisper [s],Ubrzanje
1govornik1,sr,7.6,9.24,2.09,4.42
2govornik1,sr,6.78,7.36,1.58,4.66
3govornik1,sr,5.83,5.98,1.51,3.96
4govornik1,sr,7.29,6.65,1.73,3.84
5govornik2,sr,9.33,6.84,1.63,4.2
6govornik2,sr,7.89,6.42,1.54,4.17
7govornik2,sr,8.73,7.5,1.81,4.14
8govornik3,sr,5.21,6.03,1.44,4.19
9govornik3,sr,5.34,6.34,1.52,4.17
10govornik3,sr,5.6,5.84,1.45,4.03
11govornik1,sr,16.46,12.43,2.26,5.5
12govornik1,sr,12.72,11.89,2.13,5.58
13govornik1,sr,15.08,13.12,2.29,5.73
14govornik1,sr,15.6,15.04,2.32,6.48
15govornik1,sr,17.43,14.63,2.56,5.71
16govornik2,sr,17.65,11.61,2.13,5.45
17govornik2,sr,16.58,12.06,2.31,5.22
18govornik2,sr,18.2,12.22,2.52,4.85
19govornik2,sr,16.9,12.13,2.22,5.46
20govornik2,sr,16.21,12.61,3.03,4.16
21govornik3,sr,14.57,15.87,2.52,6.3
22govornik3,sr,14.65,12.76,2.26,5.65
23govornik3,sr,12.21,10.94,2.28,4.8
24govornik3,sr,11.64,9.88,1.91,5.17
25govornik3,sr,14.3,12.32,2.29,5.38
26govornik1,sr,31.09,34.94,8.6,4.06
27govornik1,sr,27.46,26.74,6.65,4.02
28govornik1,sr,30.7,30.53,5.81,5.25
29govornik2,sr,34.97,26.03,4.9,5.31
30govornik2,sr,37.76,29.5,5.25,5.62
31govornik2,sr,34.97,31.66,5.31,5.96
32govornik3,sr,27.97,27.11,4.94,5.49
33govornik3,sr,31.25,36.24,6.93,5.23
34govornik3,sr,33.09,30.17,5.86,5.15
35govornik3,sr,29.06,24.79,4.48,5.53
36govornik1,sr,69.01,63.1,13.86,4.55
37govornik2,sr,82.43,67.16,15.98,4.2
38govornik2,sr,64.46,57.35,12.73,4.51
39govornik3,sr,62.61,58.88,14.14,4.16
40govornik3,sr,79.77,66.77,16.92,3.95
