Audio,Jezik,Trajanje [s],Vreme_Orig [s],Vreme_FW_Int8 [s],Vreme_FW_F32 [s],Ubrzanje INT8,Ubrzanje FLOAT32
1govornik1,sr,7.6,9.24,2.09,2.93,4.42,3.15
2govornik1,sr,6.78,7.36,1.58,2.31,4.66,3.19
3govornik1,sr,5.83,5.98,1.51,2.45,3.96,2.44
4govornik1,sr,7.29,6.65,1.73,2.3,3.84,2.89
5govornik2,sr,9.33,6.84,1.63,2.45,4.2,2.79
6govornik2,sr,7.89,6.42,1.54,2.25,4.17,2.85
7govornik2,sr,8.73,7.5,1.81,2.6,4.14,2.88
8govornik3,sr,5.21,6.03,1.44,2.06,4.19,2.93
9govornik3,sr,5.34,6.34,1.52,2.45,4.17,2.59
10govornik3,sr,5.6,5.84,1.45,2.08,4.03,2.81
11govornik1,sr,16.46,12.43,2.26,3.62,5.5,3.43
12govornik1,sr,12.72,11.89,2.13,3.53,5.58,3.37
13govornik1,sr,15.08,13.12,2.29,4.02,5.73,3.26
14govornik1,sr,15.6,15.04,2.32,4.32,6.48,3.48
15govornik1,sr,17.43,14.63,2.56,4.03,5.71,3.63
16govornik2,sr,17.65,11.61,2.13,3.4,5.45,3.41
17govornik2,sr,16.58,12.06,2.31,3.56,5.22,3.39
18govornik2,sr,18.2,12.22,2.52,3.84,4.85,3.18
19govornik2,sr,16.9,12.13,2.22,3.82,5.46,3.18
20govornik2,sr,16.21,12.61,3.03,4.35,4.16,2.9
21govornik3,sr,14.57,15.87,2.52,3.91,6.3,4.06
22govornik3,sr,14.65,12.76,2.26,3.73,5.65,3.42
23govornik3,sr,12.21,10.94,2.28,3.28,4.8,3.34
24govornik3,sr,11.64,9.88,1.91,3.03,5.17,3.26
25govornik3,sr,14.3,12.32,2.29,3.62,5.38,3.4
26govornik1,sr,31.09,34.94,8.6,10.52,4.06,3.32
27govornik1,sr,27.46,26.74,6.65,7.73,4.02,3.46
28govornik1,sr,30.7,30.53,5.81,9.49,5.25,3.22
29govornik2,sr,34.97,26.03,4.9,7.71,5.31,3.38
30govornik2,sr,37.76,29.5,5.25,11.61,5.62,2.54
31govornik2,sr,34.97,31.66,5.31,7.91,5.96,4.0
32govornik3,sr,27.97,27.11,4.94,9.76,5.49,2.78
33govornik3,sr,31.25,36.24,6.93,10.03,5.23,3.61
34govornik3,sr,33.09,30.17,5.86,9.08,5.15,3.32
35govornik3,sr,29.06,24.79,4.48,7.14,5.53,3.47
36govornik1,sr,69.01,63.1,13.86,20.04,4.55,3.15
37govornik2,sr,82.43,67.16,15.98,23.93,4.2,2.81
38govornik2,sr,64.46,57.35,12.73,18.67,4.51,3.07
39govornik3,sr,62.61,58.88,14.14,19.65,4.16,3.0
40govornik3,sr,79.77,66.77,16.92,20.95,3.95,3.19
PROSEK,sr,24.41,21.72,4.59,6.85,4.91,3.19
