Model,Kvantizacija,Grupa_duzine,Broj_snimaka,Prosecno_trajanje,Prosecno_vreme,Prosecan_RTF,Prosecan_dodatni_RAM
base,float32,dugi,10,31.831,3.647,0.115,156.972
base,float32,kratki,10,6.961,1.414,0.212,155.169
base,float32,srednji,15,15.348,2.124,0.141,155.215
base,float32,veoma_dugi,5,71.657,7.526,0.106,160.702
base,int8,dugi,10,31.831,2.55,0.08,153.223
base,int8,kratki,10,6.961,1.229,0.183,156.188
base,int8,srednji,15,15.348,1.402,0.093,152.625
base,int8,veoma_dugi,5,71.657,5.526,0.078,160.818
medium,float32,dugi,10,31.831,33.328,1.047,368.455
medium,float32,kratki,10,6.961,13.954,2.09,353.605
medium,float32,srednji,15,15.348,18.626,1.235,455.849
medium,float32,veoma_dugi,5,71.657,81.488,1.142,522.97
medium,int8,dugi,10,31.831,22.363,0.701,344.681
medium,int8,kratki,10,6.961,7.962,1.188,312.015
medium,int8,srednji,15,15.348,11.288,0.742,360.871
medium,int8,veoma_dugi,5,71.657,46.55,0.651,403.642
small,float32,dugi,10,31.831,10.626,0.334,255.191
small,float32,kratki,10,6.961,4.259,0.634,258.172
small,float32,srednji,15,15.348,5.966,0.392,252.001
small,float32,veoma_dugi,5,71.657,22.207,0.311,254.868
small,int8,dugi,10,31.831,9.509,0.296,277.603
small,int8,kratki,10,6.961,2.977,0.444,232.644
small,int8,srednji,15,15.348,4.33,0.286,233.307
small,int8,veoma_dugi,5,71.657,19.663,0.277,273.89
tiny,float32,dugi,10,31.831,2.071,0.065,118.358
tiny,float32,kratki,10,6.961,0.786,0.117,116.416
tiny,float32,srednji,15,15.348,1.133,0.075,114.993
tiny,float32,veoma_dugi,5,71.657,4.138,0.058,119.748
tiny,int8,dugi,10,31.831,1.796,0.057,117.803
tiny,int8,kratki,10,6.961,0.707,0.104,116.47
tiny,int8,srednji,15,15.348,0.93,0.062,115.46
tiny,int8,veoma_dugi,5,71.657,3.042,0.043,120.704
