Model,Kvantizacija,Govornik,Broj_snimaka,Prosecno_vreme,Prosecan_RTF,Prosecan_dodatni_RAM
base,float32,govornik1,13,3.253,0.184,155.453
base,float32,govornik2,13,3.802,0.157,156.492
base,float32,govornik3,14,3.681,0.193,155.624
base,int8,govornik1,13,2.315,0.134,156.018
base,int8,govornik2,13,2.716,0.107,157.039
base,int8,govornik3,14,2.728,0.14,156.374
medium,float32,govornik1,13,31.294,1.776,491.083
medium,float32,govornik2,13,36.238,1.395,455.703
medium,float32,govornik3,14,34.306,1.795,480.389
medium,int8,govornik1,13,20.189,1.103,328.967
medium,int8,govornik2,13,23.876,0.928,343.795
medium,int8,govornik3,14,22.714,1.146,342.115
small,float32,govornik1,13,9.665,0.545,237.475
small,float32,govornik2,13,11.677,0.441,242.168
small,float32,govornik3,14,11.258,0.554,239.334
small,int8,govornik1,13,6.275,0.364,235.582
small,int8,govornik2,13,7.902,0.3,236.259
small,int8,govornik3,14,7.753,0.385,237.56
tiny,float32,govornik1,13,1.749,0.1,114.706
tiny,float32,govornik2,13,2.02,0.08,115.781
tiny,float32,govornik3,14,2.056,0.104,117.364
tiny,int8,govornik1,13,1.314,0.077,117.189
tiny,int8,govornik2,13,1.548,0.063,117.518
tiny,int8,govornik3,14,1.495,0.078,113.229
