Model,Kvantizacija,Baseline RSS [MB],RSS nakon učitavanja [MB],Peak RSS [MB],Peak RSS delta [MB],Model Load Time [s],Kontrolna transkripcija [s],Ponavljanje,Kontrolni audio
tiny,int8,198.18359375,274.6953125,415.71875,217.53515625,0.9840215999865904,3.8965043000061996,1,37govornik2.wav
tiny,int8,198.1171875,274.8671875,416.09375,217.9765625,0.7267567999660969,3.8399941000388935,2,37govornik2.wav
tiny,int8,198.484375,275.14453125,417.09765625,218.61328125,0.7179110999568366,3.8241679999628104,3,37govornik2.wav
tiny,float32,198.26171875,378.98828125,520.4609375,322.19921875,0.6702595000388101,5.671697599987965,1,37govornik2.wav
tiny,float32,198.22265625,378.59375,519.0390625,320.81640625,0.7306890999898314,5.481118600000627,2,37govornik2.wav
tiny,float32,198.48828125,378.23828125,519.05859375,320.5703125,0.7058976999833249,5.672897100041155,3,37govornik2.wav
base,int8,198.33984375,310.44140625,493.30078125,294.9609375,0.875415200018324,7.799031000002287,1,37govornik2.wav
base,int8,198.03125,311.01953125,493.6328125,295.6015625,0.8328859999892302,7.400400199985597,2,37govornik2.wav
base,int8,198.2265625,310.359375,492.41015625,294.18359375,0.9290273999795318,8.967471199983265,3,37govornik2.wav
base,float32,197.80859375,511.25390625,693.41015625,495.6015625,0.7978105999645777,9.81707460002508,1,37govornik2.wav
base,float32,198.26953125,511.1953125,693.109375,494.83984375,0.7571312999934889,12.131282000045758,2,37govornik2.wav
base,float32,199.015625,511.38671875,692.49609375,493.48046875,0.7785847000195645,9.591947599954437,3,37govornik2.wav
small,int8,198.25390625,478.24609375,849.4765625,651.22265625,1.5547633999958634,20.574920400045812,1,37govornik2.wav
small,int8,198.390625,478.9453125,849.77734375,651.38671875,1.5524618999916129,20.9442454999662,2,37govornik2.wav
small,int8,198.59765625,479.2421875,861.5234375,662.92578125,1.5063828999991529,20.188523399992846,3,37govornik2.wav
small,float32,198.31640625,1157.00390625,1422.03125,1223.71484375,1.2912230999791063,29.499104499991518,1,37govornik2.wav
small,float32,198.37890625,1157.1328125,1424.5703125,1226.19140625,1.3832008999888785,30.026920499978587,2,37govornik2.wav
small,float32,197.9765625,1156.234375,1426.3515625,1228.375,1.3300909000099637,30.083214499987662,3,37govornik2.wav
medium,int8,198.0546875,988.05078125,1915.53515625,1717.48046875,3.977284500026144,56.81466769997496,1,37govornik2.wav
medium,int8,198.10546875,986.85546875,1922.41015625,1724.3046875,4.091308699978981,57.59027510002488,2,37govornik2.wav
medium,int8,198.15234375,986.94140625,1913.1171875,1714.96484375,3.773698200006038,58.04747409996344,3,37govornik2.wav
medium,float32,198.109375,402.14453125,3315.421875,3117.3125,4.497850699990522,105.8457814999856,1,37govornik2.wav
medium,float32,198.41015625,3131.10546875,3289.2578125,3090.84765625,3.4120658000465482,104.01766180002596,2,37govornik2.wav
medium,float32,197.6640625,3149.6796875,3399.89453125,3202.23046875,3.5118581000133418,92.91095489996951,3,37govornik2.wav
